Time (s),Forward Acceleration (cm/s^2),Roll (deg),Smoothed Acceleration,Braking,Propulsion
15.0060791868932,-8,4.58366623270382,-277.2117463660193,0,0
15.0160746359223,-106,4.66960997456702,-266.2936174114864,0,0
15.0260700849515,-242,4.81284954433901,-255.33014344909063,0,0
15.0360655339806,-391,4.99906098504261,-244.332245347744,0,0
15.0460609830097,-495,5.170948468769,-233.3108439763585,0,0
15.0560564320388,-508,5.2855401245866,-222.27686020384613,0,0
15.066051881068,-444,5.34283595249539,-211.2412148991189,0,0
15.0760473300971,-326,5.32851199551819,-200.2148289310887,0,0
15.0860427791262,-192,5.2712161676094,-189.20862316866763,0,0
15.0960382281553,-85,5.170948468769,-178.23351848076763,0,0
15.1060336771845,0,5.027708898997,-167.3004357363007,0,0
15.1160291262136,35,4.88446932922501,-156.42029580417886,0,0
15.1260245752427,24,4.72690580247582,-145.60401955331406,0,0
15.1360200242718,22,4.59799018968102,-134.8625278526183,0,0
15.146015473301,3,4.44042666293183,-124.20674157100356,0,0
15.1560109223301,-49,4.31151105013703,-113.64758157738186,0,0
15.1660063713592,-112,4.16827148036504,-103.19596874066517,0,0
15.1760018203883,-160,4.05367982454744,-92.86282392976544,0,0
15.1859972694175,-194,3.92476421175265,-82.65906801359475,0,0
15.1959927184466,-186,3.79584859895785,-72.59562186106504,0,0
15.2059881674757,-145,3.62396111523146,-62.68340634108827,0,0
15.2159836165048,-98,3.42342571755067,-52.93334232257649,0,0
15.225979065534,-44,3.19424240591548,-43.35635067444164,0,0
15.2359745145631,-9,2.96505909428028,-33.96335226559577,0,0
15.2459699635922,0,2.75019973962229,-24.765267964950795,0,0
15.2559654126214,-2,2.5496643419415,-15.773018641416972,0,0
15.2659608616505,1,2.36345290123791,2.394369068381837,0,1
15.2759563106796,7,2.17724146053432,18.475526059478295,0,0
15.2859517597087,13,1.97670606285352,29.57285555731388,0,0
15.2959472087379,27,1.76184670819553,33.961041020177746,0,0
15.305942657767,33,1.54698735353754,32.81893134611956,0,0
15.3159381067961,40,1.34645195585675,29.19721851004214,0,0
15.3259335558252,43,1.14591655817596,25.807311603883825,0,0
15.3359290048544,47,0.945381160495163,25.12668463611565,0,0
15.3459244538835,50,0.77349367676877,29.19368502117486,0,0
15.3559199029126,55,0.615930150019576,38.74445627307074,0,0
15.3659153519417,58,0.472690580247582,53.07273097917794,0,0
15.3759108009709,66,0.329451010475587,70.1823144351999,0,0
15.38590625,71,0.200535397680792,88.48499399758877,0,0
15.3959016990291,75,0.0572958279087978,108.25758227818176,0,0
15.4058971480582,87,-0.0572958279087978,126.9428752632982,0,0
15.4158925970874,103,-0.186211440703593,142.89965797638155,0,0
15.4258880461165,100,-0.315127053498388,155.06901628574167,0,0
15.4358834951456,88,-0.415394752338784,161.09091938660396,0,0
15.4458789441748,85,-0.501338494201981,158.45853813221575,0,0
15.4558743932039,86,-0.572958279087978,147.65324242903006,0,0
15.465869842233,88,-0.630254106996776,131.70363994652942,0,0
15.4758652912621,106,-0.673225977928374,113.81043738248702,0,0
15.4858607402913,128,-0.716197848859972,96.36637296426892,0,0
15.4958561893204,136,-0.75916971979157,79.6130603184578,0,0
15.5058516383495,117,-0.816465547700368,62.890620399095766,0,0
15.5158470873786,85,-0.888085332586366,46.47344220706613,0,0
15.5258425364078,77,-0.974029074449562,31.40438062016897,0,0
15.5358379854369,107,-1.04564885933556,17.721941606829375,0,0
15.545833434466,160,-1.11726864422156,4.6127205599215735,0,0
15.5558288834951,198,-1.17456447213035,-9.039140184374553,1,0
15.5658243325243,212,-1.21753634306195,-24.15019592742476,0,0
15.5758197815534,212,-1.26050821399355,-40.202835851316976,0,0
15.5858152305825,193,-1.26050821399355,-56.77064033159773,0,0
15.5958106796116,134,-1.28915612794795,-72.765408050004,0,0
15.6058061286408,28,-1.33212799887955,-87.90015628892043,0,0
15.6158015776699,-79,-1.37509986981115,-102.22858954901524,0,0
15.625797026699,-176,-1.44671965469714,-115.84783347299836,0,0
15.6357924757282,-281,-1.57563526749194,-128.60386418716936,0,0
15.6457879247573,-408,-1.77617066517273,-141.76722009556892,0,0
15.6557833737864,-484,-2.09129771867112,-155.93444925138056,0,0
15.6657788228155,-555,-2.5066924710099,-170.37167319756114,0,0
15.6757742718447,-622,-2.89343930939429,-184.02514213230324,0,0
15.6857697208738,-606,-3.16559449196108,-196.6205350064326,0,0
15.6957651699029,-482,-3.33748197568747,-207.97723617746567,0,0
15.705760618932,-303,-3.40910176057347,-217.33029060678356,0,0
15.7157560679612,-156,-3.38045384661907,-224.3143446057408,0,0
15.7257515169903,-81,-3.28018614777867,-228.93714466916188,0,0
15.7357469660194,-61,-3.16559449196108,-230.64112437425123,0,0
15.7457424150485,-57,-3.03667887916628,-229.4507689868134,0,0
15.7557378640777,-51,-2.89343930939429,-226.31205689820476,0,0
15.7657333131068,-65,-2.75019973962229,-222.07640037144355,0,0
15.7757287621359,-115,-2.6069601698503,-217.1041246687102,0,0
15.785724211165,-172,-2.4923685140327,-210.9065437495508,0,0
15.7957196601942,-208,-2.42074872914671,-202.59460010416907,0,0
15.8057151092233,-197,-2.37777685821511,-191.0199551518499,0,0
15.8157105582524,-154,-2.34912894426071,-176.17844118777538,0,0
15.8257060072816,-117,-2.27750915937471,-158.6727445695075,0,0
15.8357014563107,-90,-2.16291750355712,-139.05540329337663,0,0
15.8456969053398,-95,-2.03400189076232,-117.5620965367142,0,0
15.8556923543689,-111,-1.86211440703593,-94.7178645042812,0,0
15.8656878033981,-124,-1.69022692330953,-72.22029944052247,0,0
15.8756832524272,-136,-1.51833943958314,-51.55450859588511,0,0
15.8856787014563,-148,-1.36077591283395,-34.21277945139914,0,0
15.8956741504854,-115,-1.21753634306195,-21.462320777364965,0,0
15.9056695995146,-51,-1.07429677328996,-14.25565697977131,0,0
15.9156650485437,11,-0.916733246540764,-11.47733810505193,0,0
15.9256604975728,55,-0.730521805837172,-13.611157670613784,0,0
15.9356559466019,79,-0.529986408156379,-20.3496794944369,0,0
15.9456513956311,90,-0.300803096521188,-27.951527780920443,0,0
15.9556468446602,83,-0.0859437418631967,-30.952932116239158,0,0
15.9656422936893,65,0.128915612794795,-26.79655258329437,0,0
15.9756377427184,45,0.329451010475587,-16.67589299870701,0,0
15.9856331917476,20,0.529986408156379,-4.565041110783422,0,0
15.9956286407767,0,0.701873891882773,10.808738589774268,0,1
16.0056240898058,0,0.873761375609166,28.5836825296123,0,0
16.0156195388349,2,1.01700094538116,48.09184805997314,0,0
16.0256149878641,-1,1.14591655817596,65.59822419533093,0,0
16.0356104368932,0,1.24618425701635,83.47101859610801,0,0
16.0456058859223,13,1.33212799887955,98.3767469251738,0,0
16.0556013349514,21,1.38942382678835,108.85940791409652,0,0
16.0655967839806,25,1.41807174074275,116.7196992004214,0,0
16.0755922330097,33,1.41807174074275,121.10813381955158,0,0
16.0855876820388,51,1.40374778376555,123.0402953634142,0,0
16.095583131068,60,1.37509986981115,123.31633785588284,0,0
16.1055785800971,39,1.33212799887955,119.07721579196344,0,0
16.1155740291262,8,1.28915612794795,108.62495186752692,0,0
16.1255694781553,2,1.28915612794795,96.4147545810666,0,0
16.1355649271845,39,1.33212799887955,82.7390654374862,0,0
16.1455603762136,99,1.40374778376555,67.96235475321419,0,0
16.1555558252427,155,1.48969152562874,53.01637636185936,0,0
16.1655512742718,211,1.57563526749194,39.10004756619176,0,0
16.175546723301,281,1.63293109540074,26.988810618583933,0,0
16.1855421723301,337,1.66157900935514,16.794151622911393,0,0
16.1955376213592,343,1.64725505237794,7.883009807695764,0,0
16.2055330703883,272,1.60428318144634,-0.8442999841444809,1,0
16.2155285194175,177,1.56131131051474,-10.459625359576542,0,0
16.2255239684466,102,1.58995922446914,-21.4661940247772,0,0
16.2355194174757,102,1.60428318144634,-34.03402115562808,0,0
16.2455148665049,2,1.69022692330953,-48.111191646464285,0,0
16.255510315534,-103,1.76184670819553,-62.65784049468113,0,0
16.2655057645631,-202,1.84779045005873,-76.53351151780576,0,0
16.2755012135922,-204,1.93373419192193,-89.68547418966543,0,0
16.2854966626214,-341,2.10562167564832,-102.65254026137563,0,0
16.2954921116505,-400,2.30615707332911,-115.87691680444416,0,0
16.3054875606796,-402,2.5066924710099,-128.9175292758463,0,0
16.3154830097087,-421,2.72155182566789,-141.36956669458596,0,0
16.3254784587379,-369,2.87911535241709,-153.08271988038723,0,0
16.335473907767,-340,2.97938305125748,-163.78130874989606,0,0
16.3454693567961,-337,3.10829866405228,-172.5581100364474,0,0
16.3554648058252,-257,3.19424240591548,-179.42866203082923,0,0
16.3654602548544,-109,3.19424240591548,-185.5814854243369,0,0
16.3754557038835,-96,3.19424240591548,-191.7725429794337,0,0
16.3854511529126,-93,3.20856636289268,-197.2312623162244,0,0
16.3954466019417,-106,3.20856636289268,-200.3289768737451,0,0
16.4054420509709,-105,3.23721427684707,-200.28845500462015,0,0
16.4154375,-104,3.20856636289268,-197.46200366936935,0,0
16.4254329490291,-120,3.19424240591548,-191.22360642367937,0,0
16.4354283980582,-151,3.15127053498388,-180.90036014403665,0,0
16.4454238470874,-178,3.07965075009788,-166.8903712428174,0,0
16.4554192961165,-178,2.99370700823468,-150.52116695733153,0,0
16.4654147451456,-155,2.89343930939429,-133.7324741217086,0,0
16.4754101941748,-121,2.75019973962229,-117.50988697364372,0,0
16.4854056432039,-78,2.6069601698503,-101.31758363721669,0,0
16.495401092233,-37,2.44939664310111,-82.83138915942772,0,0
16.5053965412621,-25,2.30615707332911,-65.07769145393246,0,0
16.5153919902913,-33,2.16291750355712,-48.75528324536791,0,0
16.5253874393204,-42,2.03400189076232,-33.80044848127533,0,0
16.5353828883495,-38,1.90508627796753,-17.78694874175873,0,0
16.5453783373786,-12,1.77617066517273,-6.408888083534506,0,0
16.5553737864078,18,1.64725505237794,0.5844752995537659,0,1
16.5653692354369,36,1.53266339656034,4.6125620059339445,0,0
16.575364684466,49,1.41807174074275,5.739291943191722,0,0
16.5853601334951,60,1.30348008492515,7.324854470089083,0,0
16.5953555825243,53,1.18888842910755,11.852748646627088,0,0
16.6053510315534,38,1.05997281631276,19.0135223900859,0,0
16.6153464805825,30,0.931057203517964,27.683209132706462,0,0
16.6253419296116,32,0.816465547700368,40.87320211102836,0,0
16.6353373786408,29,0.701873891882773,55.91252349995955,0,0
16.6453328276699,15,0.601606193042377,71.30847810821615,0,0
16.655328276699,5,0.51566245117918,87.64089786857124,0,0
16.6653237257282,15,0.444042666293183,104.15986772066114,0,0
16.6753191747573,17,0.386746838384385,117.94801694261244,0,0
16.6853146237864,25,0.343774967452787,127.41448277422708,0,0
16.6953100728155,50,0.300803096521188,133.46447258147003,0,0
16.7053055218447,84,0.25783122558959,134.05316088698083,0,0
16.7153009708738,108,0.243507268612391,128.08636662210577,0,0
16.7252964199029,131,0.229183311635191,116.84364311761092,0,0
16.735291868932,143,0.214859354657992,103.09717094383734,0,0
16.7452873179612,145,0.171887483726393,88.7426215769224,0,0
16.7552827669903,139,0.128915612794795,74.3290448254688,0,0
16.7652782160194,129,0.100267698840396,59.02983080023782,0,0
16.7752736650485,97,0.0429718709315983,42.5420960837116,0,0
16.7852691140777,61,0.0,26.103060091958326,0,0
16.7952645631068,64,-0.0859437418631967,10.831072051460868,0,0
16.8052600121359,120,-0.171887483726393,-3.395071236041153,1,0
16.815255461165,187,-0.272155182566789,-16.982581711928077,0,0
16.8252509101942,240,-0.358098924429986,-30.27411719404388,0,0
16.8352463592233,255,-0.415394752338784,-44.42959070420103,0,0
16.8452418082524,158,-0.472690580247582,-58.1638315703572,0,0
16.8552372572815,22,-0.529986408156379,-70.15796507281343,0,0
16.8652327063107,-10,-0.587282236065177,-81.92876395840402,0,0
16.8752281553398,-64,-0.630254106996776,-94.31844435886464,0,0
16.8852236043689,-162,-0.673225977928374,-107.00998890120842,0,0
16.8952190533981,-234,-0.75916971979157,-119.96350993226083,0,0
16.9052145024272,-361,-0.931057203517964,-133.6671498788039,0,0
16.9152099514563,-471,-1.17456447213035,-148.03273007314414,0,0
16.9252054004854,-492,-1.46104361167434,-161.95397404242834,0,0
16.9352008495146,-475,-1.76184670819553,-175.2108994541009,0,0
16.9451962985437,-507,-1.99103001983072,-187.05087317943872,0,0
16.9551917475728,-468,-2.13426958960272,-196.7196765498424,0,0
16.9651871966019,-350,-2.17724146053432,-203.91843529862408,0,0
16.9751826456311,-225,-2.13426958960272,-208.6946476703647,0,0
16.9851780946602,-158,-2.03400189076232,-211.05929919135016,0,0
16.9951735436893,-129,-1.90508627796753,-211.5913384221368,0,0
17.0051689927184,-107,-1.76184670819553,-210.2610478153282,0,0
17.0151644417476,-75,-1.61860713842354,-206.94002129151144,0,0
17.0251598907767,-46,-1.47536756865154,-201.29948583204532,0,0
17.0351553398058,-60,-1.33212799887955,-194.5228884006207,0,0
17.0451507888349,-105,-1.23186030003915,-187.11825862418272,0,0
17.0551462378641,-127,-1.13159260119876,-178.01397540146067,0,0
17.0651416868932,-127,-1.03132490235836,-165.09506444085156,0,0
17.0751371359223,-121,-0.931057203517964,-147.80180751544185,0,0
17.0851325849515,-71,-0.75916971979157,-127.12595981787466,0,0
17.0951280339806,-57,-0.544310365133579,-104.24865795373536,0,0
17.1051234830097,-108,-0.286479139543989,-81.93574033385984,0,0
17.1151189320388,-123,-0.0286479139543989,-61.70712813426534,0,0
17.125114381068,-103,0.214859354657992,-41.56277605381285,0,0
17.1351098300971,-79,0.458366623270382,-23.523454664882006,0,0
17.1451052791262,-56,0.687549934905573,-9.958005843845733,0,0
17.1551007281553,-23,0.916733246540764,-0.670434211420257,0,0
17.1650961771845,16,1.14591655817596,2.76495503861897,0,1
17.1750916262136,44,1.38942382678835,1.18534961154264,0,0
17.1850870752427,62,1.61860713842354,-2.1323925796731027,1,0
17.1950825242718,63,1.83346649308153,-4.789553557271399,0,0
17.205077973301,58,2.03400189076232,-7.285170672041557,0,0
17.2150734223301,57,2.22021333146591,-7.096740583024856,0,0
17.2250688713592,53,2.37777685821511,-1.204398740628207,0,0
17.2350643203883,53,2.4923685140327,11.015153231102463,0,1
17.2450597694175,67,2.5639882989187,27.07422591677866,0,0
17.2550552184466,74,2.5926362128731,45.78871548618917,0,0
17.2650506674757,69,2.5783122558959,65.9621282475178,0,0
17.2750461165049,45,2.5496643419415,86.1350879974532,0,0
17.285041565534,32,2.5066924710099,102.98815375205494,0,0
17.2950370145631,24,2.43507268612391,113.46950100793728,0,0
17.3050324635922,14,2.32048103030631,117.00559469069296,0,0
17.3150279126214,-12,2.14859354657992,115.12269813584484,0,0
17.3250233616505,-38,1.97670606285352,108.77702779223644,0,0
17.3350188106796,-33,1.80481857912713,98.73353869848688,0,0
17.3450142597087,-15,1.64725505237794,88.22381027881833,0,0
17.3550097087379,-20,1.51833943958314,78.05687558041183,0,0
17.365005157767,-36,1.44671965469714,67.53412308318774,0,0
17.3750006067961,-33,1.44671965469714,57.332057351235775,0,0
17.3849960558252,13,1.48969152562874,46.92156107725569,0,0
17.3949915048544,92,1.51833943958314,35.13397811954566,0,0
17.4049869538835,189,1.56131131051474,22.08965095471897,0,0
17.4149824029126,280,1.57563526749194,9.144691838998703,0,0
17.4249778519417,347,1.58995922446914,-2.7471969920040102,1,0
17.4349733009709,383,1.57563526749194,-14.258850710093675,0,0
17.44496875,371,1.53266339656034,-25.79304174499686,0,0
17.4549641990291,312,1.50401548260594,-37.9412444222928,0,0
17.4649596480582,218,1.50401548260594,-50.73965435230106,0,0
17.4749550970874,89,1.54698735353754,-63.79840993000232,0,0
17.4849505461165,-61,1.64725505237794,-76.74223651723949,0,0
17.4949459951456,-195,1.80481857912713,-89.02795080295235,0,0
17.5049414441748,-345,2.03400189076232,-99.9687648644247,0,0
17.5149368932039,-483,2.32048103030631,-109.56778182970028,0,0
17.524932342233,-576,2.6499320407819,-118.48250243492244,0,0
17.5349277912621,-557,3.00803096521188,-127.55185847922591,0,0
17.5449232402913,-461,3.30883406173307,-136.54871005004188,0,0
17.5549186893204,-360,3.53801737336826,-145.47264943711644,0,0
17.5649141383495,-274,3.68125694314026,-154.16822578086047,0,0
17.5749095873786,-182,3.73855277104906,-163.03381730048616,0,0
17.5849050364078,-91,3.72422881407186,-172.06822351580146,0,0
17.5949004854369,-47,3.66693298616306,-180.15819157849728,0,0
17.604895934466,-57,3.56666528732266,-186.5875557770061,0,0
17.6148913834951,-119,3.48072154545947,-191.91743867356035,0,0
17.6248868325243,-187,3.40910176057347,-196.61355863097677,0,0
17.6348822815534,-210,3.35180593266467,-200.2871865727191,0,0
17.6448777305825,-184,3.30883406173307,-201.6476703888869,0,0
17.6548731796116,-152,3.23721427684707,-199.3233821830388,0,0
17.6648686286408,-146,3.13694657800668,-192.2620897415347,0,0
17.6748640776699,-159,2.99370700823468,-180.76493238802857,0,0
17.684859526699,-153,2.82181952450829,-165.62125982466537,0,0
17.6948549757282,-135,2.6069601698503,-147.24872590543944,0,0
17.7048504247573,-106,2.34912894426071,-125.6865161158657,0,0
17.7148458737864,-75,2.07697376169392,-101.94740537723338,0,0
17.7248413228155,-47,1.80481857912713,-77.79177331308975,0,0
17.7348367718447,-30,1.53266339656034,-55.28283766336075,0,0
17.7448322208738,-25,1.28915612794795,-36.581462773784445,0,0
17.7548276699029,-27,1.05997281631276,-21.92572878207625,0,0
17.764823118932,-34,0.873761375609166,-12.046229812678323,0,0
17.7748185679612,-30,0.687549934905573,-7.096106367074251,0,0
17.7848140169903,-17,0.51566245117918,-6.298715712699405,0,0
17.7948094660194,-1,0.358098924429986,-7.125982468458231,0,0
17.8048049150485,22,0.214859354657992,-6.864051280888907,0,0
17.8148003640777,40,0.0716197848859972,-3.883032458265877,0,0
17.8247958131068,55,-0.0429718709315983,2.957190423338796,0,1
17.8347912621359,67,-0.143239569771994,14.31359713696633,0,0
17.844786711165,71,-0.243507268612391,30.584226143283963,0,0
17.8547821601942,65,-0.300803096521188,50.60771478402096,0,0
17.8647776092233,54,-0.358098924429986,71.90953362476235,0,0
17.8747730582524,43,-0.401070795361584,91.20727536296484,0,0
17.8847685072815,34,-0.444042666293183,106.12756800832317,0,0
17.8947639563107,27,-0.487014537224781,115.6449749711072,0,0
17.9047594053398,17,-0.529986408156379,120.2202767899474,0,0
17.9147548543689,5,-0.544310365133579,120.31049400891044,0,0
17.9247503033981,17,-0.558634322110778,115.22494280729828,0,0
17.9347457524272,54,-0.544310365133579,105.4118779587185,0,0
17.9447412014563,94,-0.51566245117918,92.92174228180768,0,0
17.9547366504854,96,-0.472690580247582,79.38752859633502,0,0
17.9647320995146,79,-0.444042666293183,66.15307254976699,0,0
17.9747275485437,71,-0.429718709315983,53.75267842985631,0,0
17.9847229975728,77,-0.444042666293183,42.72366305012078,0,0
17.9947184466019,112,-0.458366623270382,32.851865274407864,0,0
18.0047138956311,149,-0.487014537224781,22.92595528777284,0,0
18.0147093446602,170,-0.529986408156379,12.759405649050604,0,0
18.0247047936893,179,-0.587282236065177,1.8880155835917412,0,0
18.0347002427184,180,-0.644578063973975,-10.14412557475703,1,0
18.0446956917476,196,-0.701873891882773,-22.72581485424092,0,0
18.0546911407767,205,-0.730521805837172,-35.20571247366462,0,0
18.0646865898058,176,-0.78781763374597,-47.124917891679495,0,0
18.0746820388349,97,-0.873761375609166,-58.46599016964596,0,0
18.0846774878641,-1,-1.01700094538116,-69.49201567418613,0,0
18.0946729368932,-118,-1.23186030003915,-80.14795352102173,0,0
18.1046683859223,-254,-1.50401548260594,-90.33486602186996,0,0
18.1146638349515,-381,-1.81914253610433,-99.88821943870728,0,0
18.1246592839806,-475,-2.17724146053432,-109.36678067452124,0,0
18.1346547330097,-518,-2.5496643419415,-119.25366372962894,0,0
18.1446501820388,-489,-2.86479139543989,-129.62719427392094,0,0
18.154645631068,-414,-3.12262262102948,-139.78851163105128,0,0
18.1646410800971,-325,-3.29451010475587,-149.40102833584533,0,0
18.1746365291262,-214,-3.38045384661907,-158.0863666221022,0,0
18.1846319781553,-117,-3.36612988964187,-165.1340687218092,0,0
18.1946274271845,-56,-3.29451010475587,-170.175768420556,0,0
18.2046228762136,-28,-3.16559449196108,-172.77451357899648,0,0
18.2146183252427,-28,-3.02235492218908,-173.7080341570389,0,0
18.2246137742718,-40,-2.85046743846269,-173.3708124759137,0,0
18.234609223301,-72,-2.6929039117135,-171.59398853879182,0,0
18.2446046723301,-110,-2.5496643419415,-168.2929851185562,0,0
18.2546001213592,-121,-2.42074872914671,-162.83696119955528,0,0
18.2645955703883,-134,-2.29183311635191,-155.06283268022392,0,0
18.2745910194175,-138,-2.16291750355712,-145.01547033906218,0,0
18.2845864684466,-113,-2.03400189076232,-132.3837459511953,0,0
18.2945819174757,-93,-1.87643836401313,-116.39133389203388,0,0
18.3045773665048,-86,-1.70455088028673,-97.04561824728763,0,0
18.314572815534,-82,-1.51833943958314,-74.85342816370961,0,0
18.3245682645631,-78,-1.30348008492515,-50.90871820425688,0,0
18.3345637135922,-62,-1.10294468724436,-26.762757933358863,0,0
18.3445591626214,-44,-0.902409289563565,-4.933180819496974,0,0
18.3545546116505,-32,-0.701873891882773,12.093546852702014,0,1
18.3645500606796,-34,-0.529986408156379,23.094679381183827,0,0
18.3745455097087,-22,-0.358098924429986,28.316994722414044,0,0
18.3845409587379,9,-0.186211440703593,27.931731183036053,0,0
18.394536407767,50,0.0,23.08305963894726,0,0
18.4045318567961,74,0.200535397680792,17.05017101179897,0,0
18.4145273058252,85,0.415394752338784,12.928696006703056,0,0
18.4245227548544,79,0.630254106996776,12.464449930914292,0,0
18.4345182038835,71,0.816465547700368,17.374527169356263,0,0
18.4445136529126,80,0.974029074449562,28.94742802781151,0,0
18.4545091019417,86,1.10294468724436,46.0552673899695,0,0
18.4645045509709,85,1.21753634306195,65.15658338806465,0,0
18.4745,76,1.30348008492515,84.2292464155376,0,0
18.4844954490291,66,1.37509986981115,100.39695123331192,0,0
18.4944908980582,66,1.43239569771994,112.6666289157042,0,0
18.5044863470874,79,1.48969152562874,121.11452128019616,0,0
18.5144817961165,99,1.51833943958314,125.89490135675456,0,0
18.5244772451456,114,1.48969152562874,126.22569027609588,0,0
18.5344726941748,111,1.43239569771994,121.64767038889624,0,0
18.5444681432039,71,1.33212799887955,113.77208996804954,0,0
18.554463592233,42,1.21753634306195,104.45294344151546,0,0
18.5644590412621,22,1.08862073026716,95.05952569706028,0,0
18.5744544902913,-4,0.959705117472363,85.8282633808141,0,0
18.5844499393204,-43,0.873761375609166,76.67340143603725,0,0
18.5944453883495,-35,0.845113461654767,67.140071122781,0,0
18.6044408373786,24,0.902409289563565,56.61208634396501,0,0
18.6144362864078,92,0.988353031426762,44.72468232575533,0,0
18.6244317354369,144,1.10294468724436,31.37210355840088,0,0
18.634427184466,209,1.23186030003915,17.775532854649263,0,0
18.6444226334951,281,1.34645195585675,4.593965888241566,0,0
18.6544180825243,317,1.44671965469714,-8.165530363087662,1,0
18.6644135315534,300,1.53266339656034,-21.30816100024664,0,0
18.6744089805825,241,1.60428318144634,-35.26863575618515,0,0
18.6844044296116,146,1.67590296633234,-50.2665066026352,0,0
18.6943998786408,-14,1.77617066517273,-65.79258873359899,0,0
18.7043953276699,-190,1.93373419192193,-80.65195134656699,0,0
18.714390776699,-297,2.16291750355712,-94.59783913564328,0,0
18.7243862257282,-377,2.44939664310111,-107.704319463622,0,0
18.7343816747573,-378,2.79317161055389,-120.131214750037,0,0
18.7443771237864,-366,3.15127053498388,-131.57892590997133,0,0
18.7543725728155,-366,3.43774967452787,-136.75741239890593,0,0
18.7643680218447,-345,3.60963715825426,-142.6744207116643,0,0
18.7743634708738,-293,3.68125694314026,-148.74846542388812,0,0
18.7843589199029,-203,3.70990485709466,-154.80393666898925,0,0
18.794354368932,-119,3.66693298616306,-160.89648689662675,0,0
18.8043498179612,-87,3.62396111523146,-167.4716981131881,0,0
18.8143452669903,-111,3.59531320127706,-173.73415026385896,0,0
18.8243407160194,-151,3.60963715825426,-179.04262837208273,0,0
18.8343361650485,-195,3.66693298616306,-184.1031733447882,0,0
18.8443316140777,-215,3.73855277104906,-190.14729665448877,0,0
18.8543270631068,-209,3.78152464198065,-196.3930779858885,0,0
18.8643225121359,-190,3.79584859895785,-200.84769756957056,0,0
18.874317961165,-176,3.78152464198065,-202.09927744680436,0,0
18.8843134101942,-187,3.72422881407186,-200.17619878137612,0,0
18.8943088592233,-198,3.65260902918586,-194.3966567758953,0,0
18.9043043082524,-191,3.53801737336826,-184.62388729074388,0,0
18.9142997572815,-162,3.42342571755067,-171.6587918185943,0,0
18.9242952063107,-119,3.29451010475587,-156.55924256493228,0,0
18.9342906553398,-75,3.15127053498388,-140.3916963011456,0,0
18.9442861043689,-43,2.97938305125748,-124.68348093953108,0,0
18.9542815533981,-29,2.82181952450829,-112.24347097328186,0,0
18.9642770024272,-22,2.6642559977591,-104.57616254047564,0,0
18.9742724514563,-17,2.5066924710099,-100.32091327095702,0,0
18.9842679004854,-14,2.37777685821511,-98.98747423496545,0,0
18.9942633495146,-24,2.24886124542031,-98.09302588958968,0,0
22.0028935072816,-224,-4.12529960943344,-96.89793653309248,0,0
22.0128889563107,-186,-4.16827148036504,-95.77689188881982,0,0
22.0228844053398,-148,-4.19691939431944,-94.47466533782224,0,0
22.0328798543689,-108,-4.19691939431944,-91.97032775373228,0,0
22.0428753033981,-74,-4.16827148036504,-86.9132936193244,0,0
22.0528707524272,-60,-4.13962356641064,-79.42333914697029,0,0
22.0628662014563,-67,-4.08232773850184,-70.95055380641995,0,0
22.0728616504854,-94,-4.02503191059304,-63.32292917166127,0,0
22.0828570995146,-111,-3.95341212570705,-57.09141769914846,0,0
22.0928525485437,-106,-3.88179234082105,-52.34730118461867,0,0
22.1028479975728,-80,-3.78152464198065,-48.4133049446137,0,0
22.1128434466019,-59,-3.68125694314026,-44.42612516704276,0,0
22.1228388956311,-62,-3.53801737336826,-40.39516183831552,0,0
22.1328343446602,-68,-3.35180593266467,-36.94545742825,0,0
22.1428297936893,-72,-3.12262262102948,-34.97225305216017,0,0
22.1528252427184,-57,-2.83614348148549,-34.235973634732915,0,0
22.1628206917476,-34,-2.5210164279871,-34.06829146752644,0,0
22.1728161407767,-20,-2.23453728844311,-33.37443656707578,0,0
22.1828115898058,-15,-1.94805814889912,-31.4107001291046,0,0
22.1928070388349,-6,-1.69022692330953,-28.513126005115723,0,0
22.2028024878641,12,-1.46104361167434,-25.275566830502864,0,0
22.2127979368932,36,-1.24618425701635,-21.58538132233776,0,0
22.2227933859223,58,-1.05997281631276,-16.772950689707923,0,0
22.2327888349515,73,-0.859437418631967,-10.778341525288134,0,0
22.2427842839806,73,-0.673225977928374,-4.024009603841088,0,0
22.2527797330097,57,-0.487014537224781,4.161181453713057,0,1
22.2627751820388,36,-0.286479139543989,9.403633151372643,0,0
22.272770631068,23,-0.0859437418631967,19.83365421640122,0,0
22.2827660800971,8,0.100267698840396,35.16460168972841,0,0
22.2927615291262,-6,0.300803096521188,53.11368320912654,0,0
22.3027569781553,-8,0.501338494201981,70.54941221770912,0,0
22.3127524271845,-2,0.673225977928374,85.56784978141212,0,0
22.3227478762136,12,0.845113461654767,98.01662551812043,0,0
22.3327433252427,24,0.974029074449562,107.17565516771504,0,0
22.3427387742718,27,1.07429677328996,111.71929149016808,0,0
22.352734223301,23,1.11726864422156,111.5046546920526,0,0
22.3627296723301,11,1.14591655817596,107.78900994358762,0,0
22.3727251213592,12,1.13159260119876,101.86219393416567,0,0
22.3827205703883,33,1.07429677328996,94.16238193389476,0,0
22.3927160194175,63,0.988353031426762,85.17676504563104,0,0
22.4027114684466,86,0.902409289563565,74.85034768623565,0,0
22.4127069174757,106,0.816465547700368,64.0358332011976,0,0
22.4227023665048,115,0.716197848859972,53.59419239393252,0,0
22.432697815534,119,0.658902020951174,43.65281206821847,0,0
22.4426932645631,145,0.630254106996776,33.98156243629136,0,0
22.4526887135922,192,0.630254106996776,24.438379125232185,0,0
22.4626841626214,228,0.687549934905573,14.895626174996604,0,0
22.4726796116505,239,0.77349367676877,4.921561077260556,0,0
22.4826750606796,247,0.873761375609166,-5.502978549909859,1,0
22.4926705097087,269,0.974029074449562,-16.040000906020907,0,0
22.5026659587379,253,1.10294468724436,-26.78336995175114,0,0
22.512661407767,162,1.20321238608475,-38.14274389000437,0,0
22.5226568567961,-11,1.33212799887955,-50.64246075788214,0,0
22.5326523058252,-204,1.51833943958314,-64.31706267411874,0,0
22.5426477548544,-342,1.80481857912713,-79.3353416838341,0,0
22.5526432038835,-389,2.16291750355712,-95.33713107883554,0,0
22.5626386529126,-389,2.5496643419415,-111.48168701441544,0,0
22.5726341019417,-403,2.87911535241709,-126.89979387980134,0,0
22.5826295509709,-416,3.12262262102948,-140.61620874763366,0,0
22.592625,-373,3.29451010475587,-152.70053681848324,0,0
22.6026204490291,-290,3.38045384661907,-163.42388276063247,0,0
22.6126158980582,-208,3.40910176057347,-173.1485650863918,0,0
22.6226113470874,-156,3.40910176057347,-182.26000588912692,0,0
22.6326067961165,-133,3.39477780359627,-190.70742259165604,0,0
22.6426022451456,-127,3.38045384661907,-198.04992185551168,0,0
22.6525976941748,-116,3.39477780359627,-203.7366418265183,0,0
22.6625931432039,-112,3.42342571755067,-207.87308885816063,0,0
22.672588592233,-126,3.49504550243666,-210.0151532310794,0,0
22.6825840412621,-153,3.58098924429986,-209.94543477766035,0,0
22.6925794902913,-184,3.63828507220866,-207.2348184556601,0,0
22.7025749393204,-209,3.65260902918586,-201.1976941719851,0,0
22.7125703883495,-220,3.63828507220866,-191.50753131439035,0,0
22.7225658373786,-204,3.59531320127706,-178.06906158687826,0,0
22.7325612864078,-179,3.50936945941386,-161.78649573034883,0,0
22.7425567354369,-163,3.39477780359627,-142.8811524609678,0,0
22.752552184466,-153,3.23721427684707,-120.80731160387276,0,0
22.7625476334951,-143,3.03667887916628,-96.24154567486252,0,0
22.7725430825243,-119,2.80749556753109,-71.40959025118647,0,0
22.7825385315534,-82,2.5783122558959,-49.6768896237682,0,0
22.7925339805825,-35,2.33480498728351,-33.44519694669927,0,0
22.8025294296116,7,2.11994563262552,-22.542798251373338,0,0
22.8125248786408,38,1.91941023494473,-14.922104690931192,0,0
22.8225203276699,52,1.73319879424113,-8.988493510610695,0,0
22.832515776699,43,1.58995922446914,-4.591746132414658,0,0
22.8425112257282,35,1.46104361167434,-1.7818297130170495,0,0
22.8525066747573,27,1.33212799887955,0.8389544497043309,0,1
22.8625021237864,23,1.21753634306195,4.824933747083186,0,0
22.8724975728155,22,1.11726864422156,11.276586106139264,0,0
22.8824930218447,32,1.00267698840396,20.247072413868864,0,0
22.8924884708738,52,0.888085332586366,31.43412081813493,0,0
22.9024839199029,71,0.77349367676877,44.50526625744122,0,0
22.912479368932,96,0.658902020951174,59.68044576320404,0,0
22.9224748179612,111,0.529986408156379,76.11762440824505,0,0
22.9324702669903,112,0.401070795361584,92.2462116922134,0,0
22.9424657160194,93,0.272155182566789,106.6413508799623,0,0
22.9524611650485,72,0.143239569771994,117.48864073930102,0,0
22.9624566140777,66,0.0429718709315983,122.97320437607586,0,0
22.9724520631068,53,-0.0143239569771994,122.9519128405937,0,0
22.9824475121359,50,-0.0572958279087978,118.40626061744084,0,0
22.992442961165,55,-0.0859437418631967,110.43917189516038,0,0
23.0024384101942,61,-0.100267698840396,99.7190876350425,0,0
23.0124338592233,54,-0.100267698840396,87.07664952772556,0,0
23.0224293082524,36,-0.0859437418631967,73.65682121904514,0,0
23.0324247572815,22,-0.0716197848859972,60.91728011958797,0,0
23.0424202063107,33,-0.0716197848859972,49.770028766217706,0,0
23.0524156553398,63,-0.0859437418631967,40.28548778001302,0,0
23.0624111043689,100,-0.100267698840396,31.336519513462157,0,0
23.0724065533981,128,-0.128915612794795,21.66560964007996,0,0
23.0824020024272,135,-0.171887483726393,10.905932184193183,0,0
23.0923974514563,139,-0.229183311635191,-1.4011868898501003,1,0
23.1023929004854,152,-0.25783122558959,-15.015402387368283,0,0
23.1123883495146,163,-0.272155182566789,-29.174273482974694,0,0
23.1223837985437,148,-0.286479139543989,-42.71333439035495,0,0
23.1323792475728,106,-0.315127053498388,-55.58785023442693,0,0
23.1423746966019,40,-0.386746838384385,-68.41600036240118,0,0
23.1523701456311,-45,-0.51566245117918,-81.06217581371229,0,0
23.1623655946602,-150,-0.744845762814371,-92.97653400981952,0,0
23.1723610436893,-252,-1.03132490235836,-103.61056875579216,0,0
23.1823564927184,-337,-1.33212799887955,-112.84529660919662,0,0
23.1923519417476,-404,-1.60428318144634,-121.2186006477922,0,0
23.2023473907767,-426,-1.83346649308153,-129.47289859338457,0,0
23.2123428398058,-382,-1.96238210587632,-137.477496659025,0,0
23.2223382888349,-310,-2.01967793378512,-144.6895965933375,0,0
23.2323337378641,-228,-2.00535397680792,-151.40512808895386,0,0
23.2423291868932,-155,-1.91941023494473,-157.3970871367232,0,0
23.2523246359223,-97,-1.79049462214993,-162.00541348613035,0,0
23.2623200849514,-62,-1.61860713842354,-164.87773222494633,0,0
23.2723155339806,-61,-1.44671965469714,-166.46213957279093,0,0
23.2823109830097,-96,-1.24618425701635,-167.80187546714853,0,0
23.2923064320388,-152,-1.03132490235836,-168.75750300118088,0,0
23.302301881068,-202,-0.816465547700368,-167.8896917257274,0,0
23.3122973300971,-215,-0.601606193042377,-164.87954427051926,0,0
23.3222927791262,-186,-0.401070795361584,-159.59460010417405,0,0
23.3322882281553,-149,-0.229183311635191,-152.2141158349956,0,0
23.3422836771845,-110,-0.0716197848859972,-142.81854628642253,0,0
23.3522791262136,-71,0.0859437418631967,-131.45018007201352,0,0
23.3622745752427,-53,0.25783122558959,-117.96919522524622,0,0
23.3722700242718,-71,0.444042666293183,-102.71537294161756,0,0
23.382265473301,-91,0.673225977928374,-86.3377652947871,0,0
23.3922609223301,-78,0.916733246540764,-69.653038573912,0,0
23.4022563713592,-52,1.20321238608475,-53.87931776483547,0,0
23.4122518203883,-37,1.48969152562874,-39.79985956646342,0,0
23.4222472694175,-27,1.76184670819553,-28.54565222315004,0,0
23.4322427184466,-25,2.01967793378512,-20.84688214908357,0,0
23.4422381674757,-15,2.26318520239751,-16.987360982126674,0,0
23.4522336165049,2,2.5066924710099,-17.398717977755084,0,0
23.462229065534,12,2.72155182566789,-20.891549072456726,0,0
23.4722245145631,18,2.92208722334869,-24.347346485761285,0,0
23.4822199635922,27,3.12262262102948,-25.180321185074888,0,0
23.4922154126214,39,3.32315801871027,-21.05352329610847,0,0
23.5022108616505,38,3.48072154545947,-10.681532990553489,0,0
23.5122063106796,26,3.60963715825426,5.989761942512155,0,1
23.5222017597087,14,3.72422881407186,30.5238623751352,0,0
23.5321972087379,24,3.81017255593505,59.57192688395428,0,0
23.542192657767,32,3.85314442686665,85.94504971799053,0,0
23.5521881067961,15,3.88179234082105,102.46309089672432,0,0
23.5621835558252,8,3.86746838384385,107.60742032660882,0,0
23.5721790048544,10,3.83882046988945,104.29966703661395,0,0
23.5821744538835,17,3.76720068500345,95.30331377833056,0,0
23.5921699029126,10,3.65260902918586,82.87048404266412,0,0
23.6021653519417,2,3.50936945941386,68.69319803392264,0,0
23.6121608009709,0,3.36612988964187,54.97811954970035,0,0
23.62215625,12,3.20856636289268,43.5105211896029,0,0
23.6321516990291,23,3.05100283614348,34.414867833922074,0,0
23.6421471480582,32,2.92208722334869,26.1955650184572,0,0
23.6521425970874,51,2.86479139543989,17.504065777252308,0,0
23.6621380461165,66,2.83614348148549,7.343246732654517,0,0
23.6721334951456,83,2.85046743846269,-3.409318444358446,1,0
23.6821289441748,110,2.85046743846269,-13.97166413735142,0,0
23.6921243932039,149,2.82181952450829,-25.309497383856225,0,0
23.702119842233,212,2.73587578264509,-37.46988606763021,0,0
23.7121152912621,279,2.5926362128731,-49.83884119685031,0,0
23.7221107402913,313,2.40642477216951,-62.43287503679991,0,0
23.7321061893204,295,2.20588937448871,-75.07080568075415,0,0
23.7421016383495,208,2.00535397680792,-87.41570590499335,0,0
23.7520970873786,57,1.84779045005873,-98.70162404583326,0,0
23.7620925364078,-133,1.77617066517273,-109.00577589525108,0,0
23.7720879854369,-438,1.86211440703593,-118.54662619763508,0,0
23.782083434466,-714,2.09129771867112,-127.60415864457508,0,0
23.7920788834951,-818,2.43507268612391,-136.08512084077333,0,0
23.8020743325243,-702,2.80749556753109,-144.11307164373503,0,0
23.8120697815534,-504,3.12262262102948,-152.20616548504427,0,0
23.8220652305825,-336,3.39477780359627,-159.8971211125774,0,0
23.8320606796116,-186,3.55234133034546,-166.6203991030181,0,0
23.8420561286408,-72,3.59531320127706,-171.940791410884,0,0
23.8520515776699,13,3.55234133034546,-176.5123785362997,0,0
23.862047026699,41,3.42342571755067,-180.7648417857499,0,0
23.8720424757281,-10,3.26586219080147,-184.4322181702656,0,0
23.8820379247573,-117,3.12262262102948,-186.4585607827821,0,0
23.8920333737864,-197,3.05100283614348,-186.27873791023683,0,0
23.9020288228155,-207,3.05100283614348,-183.7455435003977,0,0
23.9120242718447,-162,3.03667887916628,-179.10713719447966,0,0
23.9220197208738,-147,2.99370700823468,-173.3595098416524,0,0
23.9320151699029,-160,2.89343930939429,-166.79016512263345,0,0
23.942010618932,-146,2.72155182566789,-158.7180683594008,0,0
23.9520060679612,-116,2.4780445570555,-148.08591361071012,0,0
23.9620015169903,-91,2.19156541751152,-133.54968402453775,0,0
23.9719969660194,-64,1.89076232099033,-114.68257491674584,0,0
23.9819924150485,-40,1.61860713842354,-92.13492944346476,0,0
23.9919878640777,-18,1.37509986981115,-67.25780878388306,0,0
24.0019833131068,-14,1.18888842910755,-42.23051484744346,0,0
24.0119787621359,-19,1.03132490235836,-19.307277628030032,0,0
24.021974211165,-30,0.902409289563565,-0.1401843756369585,0,0
24.0319696601942,-35,0.802141590723169,10.608122494279568,0,1
24.0419651092233,-20,0.701873891882773,12.532129833063888,0,0
24.0519605582524,3,0.601606193042377,8.189268160093304,0,0
24.0619560072815,22,0.51566245117918,4.03175609866542,0,0
24.0719514563107,36,0.429718709315983,3.605019366236629,0,0
24.0819469053398,41,0.358098924429986,7.605064667375482,0,0
24.0919423543689,37,0.300803096521188,17.54816643638382,0,0
24.1019378033981,41,0.25783122558959,32.64252870959325,0,0
24.1119332524272,59,0.214859354657992,53.65876916803834,0,0
24.1219287014563,76,0.171887483726393,78.42401866406033,0,0
24.1319241504854,73,0.114591655817596,102.82228363042142,0,0
24.1419195995146,49,0.0429718709315983,120.5447008992137,0,0
24.1519150485437,14,-0.0286479139543989,132.47330630363822,0,0
24.1619104975728,-5,-0.114591655817596,136.75976805815088,0,0
24.1719059466019,9,-0.214859354657992,136.17733130986667,0,0
24.1819013956311,43,-0.286479139543989,133.72672087701463,0,0
24.1918968446602,75,-0.343774967452787,123.36148044121884,0,0
24.2018922936893,95,-0.386746838384385,111.49604747558112,0,0
24.2118877427184,107,-0.415394752338784,99.60959478129725,0,0
24.2218831917476,125,-0.444042666293183,87.39971460281215,0,0
24.2318786407767,147,-0.458366623270382,75.86801513057176,0,0
24.2418740898058,170,-0.501338494201981,66.1138417631127,0,0
24.2518695388349,193,-0.529986408156379,56.14593762032466,0,0
24.2618649878641,209,-0.558634322110778,46.45969331128141,0,0
24.2718604368932,209,-0.601606193042377,36.29785499104884,0,0
24.2818558859223,200,-0.630254106996776,23.454868739946114,0,0
24.2918513349515,168,-0.658902020951174,9.890167387708686,0,0
24.3018467839806,175,-0.658902020951174,-4.56329701691941,1,0
24.3118422330097,178,-0.658902020951174,-19.030283811635623,0,0
24.3218376820388,166,-0.644578063973975,-33.34458311626148,0,0
24.331833131068,126,-0.701873891882773,-47.77861333211973,0,0
24.3418285800971,31,-0.830789504677568,-62.85632743662772,0,0
24.3518240291262,-68,-1.05997281631276,-78.28582753855349,0,0
24.3618194781553,-228,-1.43239569771994,-93.05485967971012,0,0
24.3718149271845,-390,-1.87643836401313,-106.33192144781204,0,0
24.3818103762136,-519,-2.34912894426071,-118.1496296631723,0,0
24.3918058252427,-514,-2.80749556753109,-129.10931164917298,0,0
24.4018012742718,-528,-3.13694657800668,-139.86502525536892,0,0
24.411796723301,-405,-3.32315801871027,-150.74160230128038,0,0
24.4217921723301,-293,-3.40910176057347,-161.39584135539135,0,0
24.4317876213592,-295,-3.50936945941386,-171.11755645652502,0,0
24.4417830703883,-100,-3.40910176057347,-179.1877505719061,0,0
24.4517785194175,-74,-3.26586219080147,-185.22849894672703,0,0
24.4617739684466,-76,-3.07965075009788,-189.098462026298,0,0
24.4717694174757,-67,-2.89343930939429,-191.21830619037848,0,0
24.4817648665048,-86,-2.7072278686907,-191.6265600579632,0,0
24.491760315534,-148,-2.5926362128731,-189.89528641643136,0,0
24.5017557645631,-145,-2.42074872914671,-185.15810097621804,0,0
24.5117512135922,-176,-2.29183311635191,-176.83845613715133,0,0
24.5217466626214,-194,-2.20588937448871,-165.13635642934506,0,0
24.5317421116505,-140,-2.13426958960272,-150.69027611042668,0,0
24.5417375606796,-142,-2.01967793378512,-134.43779021040817,0,0
24.5517330097087,-114,-1.87643836401313,-117.39149244602136,0,0
24.5617284587379,-99,-1.66157900935514,-99.87752836982688,0,0
24.571723907767,-86,-1.38942382678835,-81.84108360324309,0,0
24.5817193567961,-61,-1.10294468724436,-62.86400597974305,0,0
24.5917148058252,-18,-0.816465547700368,-43.64642460757375,0,0
24.6017102548544,14,-0.558634322110778,-26.1709438492347,0,0
24.6117057038835,24,-0.300803096521188,-10.791660060249196,0,0
24.6217011529126,23,-0.0716197848859972,0.1504450836939073,0,1
24.6316966019417,26,0.128915612794795,5.730186414187712,0,0
24.6416920509709,32,0.343774967452787,5.938231896531552,0,0
24.6516875,38,0.572958279087978,4.303245826632071,0,0
24.6616829490291,39,0.816465547700368,1.8797934268044745,0,0
24.6716783980582,39,1.05997281631276,4.022537316813047,0,0
24.6816738470874,48,1.28915612794795,11.806224376541694,0,0
24.6916692961165,59,1.48969152562874,21.73838592040337,0,0
24.7016647451456,63,1.67590296633234,37.96400824480297,0,0
24.7116601941747,55,1.83346649308153,53.93875285962818,0,0
24.7216556432039,56,1.96238210587632,68.28365308386718,0,0
24.731651092233,69,2.06264980471672,80.79797956917683,0,0
24.7416465412621,78,2.13426958960272,89.76092323720907,0,0
24.7516419902913,63,2.16291750355712,93.17527010803246,0,0
24.7616374393204,29,2.16291750355712,93.4370200910445,0,0
24.7716328883495,-7,2.13426958960272,89.98194749596915,0,0
24.7816283373786,-41,2.10562167564832,83.26550997756631,0,0
24.7916237864078,-56,2.04832584773952,76.30394799428323,0,0
24.8016192354369,-64,1.97670606285352,68.42186685994362,0,0
24.811614684466,-19,1.93373419192193,61.11529139957163,0,0
24.8216101334951,32,1.90508627796753,54.274819361700686,0,0
24.8316055825243,62,1.91941023494473,46.94620489704774,0,0
24.8416010315534,89,1.97670606285352,39.28718657273778,0,0
24.8515964805825,121,2.09129771867112,31.081542050779,0,0
24.8615919296116,147,2.24886124542031,21.478402681825,0,0
24.8715873786408,169,2.42074872914671,10.490113026341422,0,0
24.8815828276699,190,2.5496643419415,-1.024621169222257,1,0
24.891578276699,216,2.6356080838047,-12.4259439624892,0,0
24.9015737257282,244,2.6785799547363,-23.59568733153364,0,0
24.9115691747573,210,2.6929039117135,-34.99501687467032,0,0
24.9215646237864,125,2.72155182566789,-47.32172869147107,0,0
24.9315600728155,-10,2.80749556753109,-60.0688350811953,0,0
24.9415555218447,-160,3.02235492218908,-72.25894131236561,0,0
24.9515509708738,-260,3.36612988964187,-83.48392942081524,0,0
24.9615464199029,-298,3.76720068500345,-93.27894176537455,0,0
24.971541868932,-319,4.15394752338784,-101.70864572242812,0,0
24.9815373179612,-322,4.46907457688623,-108.6403542548969,0,0
24.9915327669903,-291,4.68393393154422,-114.10262973112448,0,0
25.0015282160194,-233,4.81284954433901,-118.25533987178405,0,0
25.0115236650485,-186,4.87014537224781,-121.7187931776343,0,0
25.0215191140777,-148,4.91311724317941,-125.37695078029758,0,0
25.0315145631068,-110,4.92744120015661,-129.6413508799596,0,0
25.0415100121359,-94,4.95608911411101,-134.35013250581693,0,0
25.051505461165,-106,4.98473702806541,-138.99950168745133,0,0
25.0615009101942,-141,5.027708898997,-143.7323382182895,0,0
25.0714963592233,-189,5.0850047269058,-146.78722054857977,0,0
25.0814918082524,-210,5.1279765978374,-147.17080794580278,0,0
25.0914872572816,-223,5.1279765978374,-145.14605087316266,0,0
25.1014827063107,-202,5.099328683883,-140.70359464538905,0,0
25.1114781553398,-147,5.01338494201981,-133.5879181861269,0,0
25.1214736043689,-99,4.88446932922501,-124.21189607917198,0,0
25.1314690533981,-83,4.71258184549862,-112.6952139346174,0,0
25.1414645024272,-82,4.48339853386343,-98.94278466102274,0,0
25.1514599514563,-80,4.22556730827384,-83.24630229449305,0,0
25.1614554004854,-58,3.93908816872985,-66.01875467167231,0,0
25.1714508495146,-9,3.63828507220866,-49.009014926719686,0,0
25.1814462985437,31,3.32315801871027,-32.79188656594329,0,0
25.1914417475728,54,3.05100283614348,-19.0123219098938,0,0
25.2014371966019,71,2.80749556753109,-7.907200616094551,0,0
25.2114326456311,68,2.5783122558959,2.037237536523833,0,1
25.2214280946602,53,2.37777685821511,11.755985413031796,0,0
25.2314235436893,39,2.19156541751152,20.35867177059269,0,0
25.2414189927184,38,2.03400189076232,27.05193775623144,0,0
25.2514144417476,41,1.90508627796753,32.65842940949587,0,0
25.2614098907767,41,1.79049462214993,39.14793087045685,0,0
25.2714053398058,48,1.69022692330953,48.203085007582345,0,0
25.2814007888349,62,1.58995922446914,59.99707807650667,0,0
25.2913962378641,67,1.50401548260594,74.48318195201747,0,0
25.3013916868932,69,1.41807174074275,91.45203741873048,0,0
25.3113871359223,81,1.33212799887955,109.44034972478292,0,0
25.3213825849515,91,1.26050821399355,124.93648780265382,0,0
25.3313780339806,82,1.18888842910755,135.7382726675419,0,0
25.3413734830097,66,1.13159260119876,139.68862261884277,0,0
25.3513689320388,49,1.08862073026716,134.78126344876017,0,0
25.361364381068,31,1.08862073026716,122.47541280661795,0,0
25.3713598300971,25,1.13159260119876,106.7212394391596,0,0
25.3813552791262,24,1.20321238608475,90.12222247388482,0,0
25.3913507281553,24,1.30348008492515,73.74327844344434,0,0
25.4013461771845,47,1.41807174074275,57.62443090443058,0,0
25.4113416262136,100,1.51833943958314,42.38329293981255,0,0
25.4213370752427,162,1.58995922446914,28.533103807557467,0,0
25.4313325242718,190,1.60428318144634,16.28274706108671,0,0
25.441327973301,206,1.53266339656034,5.495662415909136,0,0
25.4513234223301,185,1.37509986981115,-3.9145394006654577,1,0
25.4613188713592,128,1.17456447213035,-12.98210604996562,0,0
25.4713143203883,74,0.974029074449562,-23.662982173998905,0,0
25.4813097694175,51,0.78781763374597,-36.06185870574223,0,0
25.4913052184466,67,0.658902020951174,-49.65149833517736,0,0
25.5013006674757,93,0.51566245117918,-63.87689415388055,0,0
25.5112961165048,87,0.358098924429986,-78.40714398966222,0,0
25.521291565534,13,0.143239569771994,-92.98851616117064,0,0
25.5312870145631,-86,-0.171887483726393,-107.01556094134526,0,0
25.5412824635922,-197,-0.630254106996776,-120.02450791636016,0,0
25.5512779126214,-342,-1.21753634306195,-132.10081768554946,0,0
25.5612733616505,-492,-1.86211440703593,-143.1155858569677,0,0
25.5712688106796,-570,-2.5353403849643,-152.34791274998798,0,0
25.5812642597087,-602,-3.12262262102948,-159.71419511198852,0,0
25.5912597087379,-534,-3.58098924429986,-165.89401798453306,0,0
25.601255157767,-368,-3.85314442686665,-171.13350245756692,0,0
25.6112506067961,-181,-3.96773608268425,-175.50725950755626,0,0
25.6212460558252,-56,-3.96773608268425,-179.13703594643326,0,0
25.6312415048544,1,-3.88179234082105,-182.03094067813691,0,0
25.6412369538835,1,-3.72422881407186,-184.0598881061645,0,0
25.6512324029126,-16,-3.58098924429986,-185.24487530859253,0,0
25.6612278519417,-59,-3.42342571755067,-184.6865161158589,0,0
25.6712233009709,-106,-3.29451010475587,-181.1715780651673,0,0
25.68121875,-133,-3.19424240591548,-174.16004892521028,0,0
25.6912141990291,-160,-3.09397470707508,-164.10403406643775,0,0
25.7012096480582,-200,-2.96505909428028,-151.0105325148752,0,0
25.7112050970874,-210,-2.82181952450829,-136.01936623704506,0,0
25.7212005461165,-167,-2.6642559977591,-120.50719155585364,0,0
25.7311959951456,-124,-2.4780445570555,-104.3143446057547,0,0
25.7411914441748,-92,-2.26318520239751,-86.80153570861297,0,0
25.7511868932039,-60,-2.01967793378512,-74.60542707648229,0,0
25.761182342233,-28,-1.76184670819553,-58.350449613801,0,0
25.7711777912621,-1,-1.50401548260594,-37.33570409295356,0,0
25.7811732402913,18,-1.26050821399355,-12.920451199346118,0,0
25.7911686893204,34,-1.00267698840396,13.474076423020536,0,1
25.8011641383495,49,-0.78781763374597,39.967745588796994,0,0
25.8111595873786,60,-0.572958279087978,63.692065505440176,0,0
25.8211550364078,59,-0.386746838384385,81.10115744410041,0,0
25.8311504854369,55,-0.200535397680792,93.1940247797125,0,0
25.841145934466,55,0.0,98.66631180773064,0,0
25.8511413834951,54,0.171887483726393,96.9924573602915,0,0
25.8611368325243,51,0.358098924429986,88.89331581688259,0,0
25.8711322815534,47,0.51566245117918,77.77584996261766,0,0
25.8811277305825,53,0.644578063973975,66.15513375160626,0,0
25.8911231796116,60,0.75916971979157,54.35889827628543,0,0
25.9011186286408,70,0.816465547700368,42.91123241749039,0,0
25.9111140776699,76,0.873761375609166,32.39396135812447,0,0
25.921109526699,79,0.888085332586366,21.816167976622147,0,0
25.9311049757282,85,0.873761375609166,10.675394686175167,0,0
25.9411004247573,82,0.830789504677568,-0.6797662461209546,1,0
25.9510958737864,71,0.716197848859972,-12.141566060384944,0,0
25.9610913228155,60,0.558634322110778,-24.75612131644815,0,0
25.9710867718447,51,0.358098924429986,-39.382024507911765,0,0
25.9810822208738,26,0.171887483726393,-55.588914811200986,0,0
25.9910776699029,-2,0.0,-72.88545606921166,0,0
29.009703276699,256,-1.56131131051474,-90.45745090487968,0,0
29.0196987257281,232,-1.61860713842354,-107.21957462228929,0,0
29.0296941747573,142,-1.64725505237794,-122.60506466736211,0,0
29.0396896237864,-1,-1.69022692330953,-136.0049151736008,0,0
29.0496850728155,-168,-1.74752275121833,-147.39849147204336,0,0
29.0596805218447,-336,-1.90508627796753,-157.19606333097448,0,0
29.0696759708738,-497,-2.19156541751152,-166.22700400913152,0,0
29.0796714199029,-596,-2.6499320407819,-175.22242859405875,0,0
29.089666868932,-698,-3.25153823382427,-184.7414663978585,0,0
29.0996623179612,-733,-3.85314442686665,-194.5236811705588,0,0
29.1096577669903,-640,-4.32583500711423,-203.63874606443983,0,0
29.1196532160194,-419,-4.64096206061262,-211.28000634213495,0,0
29.1296486650485,-216,-4.76987767340742,-217.43321479532685,0,0
29.1396441140777,-98,-4.75555371643022,-221.8857505266,0,0
29.1496395631068,-22,-4.62663810363542,-223.8290108495969,0,0
29.1596350121359,-6,-4.42610270595463,-223.2725769552845,0,0
29.169630461165,-29,-4.21124335129664,-219.6230265690928,0,0
29.1796259101942,-55,-4.01070795361585,-212.7667444335978,0,0
29.1896213592233,-82,-3.82449651291225,-203.7994745067601,0,0
29.1996168082524,-114,-3.66693298616306,-193.3119209947905,0,0
29.2096122572815,-163,-3.53801737336826,-181.7910258442789,0,0
29.2196077063107,-205,-3.43774967452787,-170.51910575548996,0,0
29.2296031553398,-196,-3.33748197568747,-159.86778862486534,0,0
29.2395986043689,-139,-3.20856636289268,-148.09019456837618,0,0
29.2495940533981,-79,-3.03667887916628,-135.05762304920398,0,0
29.2595895024272,-41,-2.80749556753109,-121.70151079298228,0,0
29.2695849514563,-29,-2.5210164279871,-98.6226868105618,0,0
29.2795804004854,-29,-2.22021333146591,-73.0108496228595,0,0
29.2895758495146,-51,-1.93373419192193,-48.20709415841242,0,0
29.2995712985437,-82,-1.67590296633234,-27.22994858320364,0,0
29.3095667475728,-103,-1.43239569771994,-9.315952796211665,0,0
29.3195621966019,-94,-1.21753634306195,7.580058438468926,0,1
29.3295576456311,-56,-1.01700094538116,23.093207094155805,0,0
29.3395530946602,0,-0.816465547700368,37.52263924437271,0,0
29.3495485436893,55,-0.601606193042377,48.20596162992948,0,0
29.3595439927184,91,-0.386746838384385,54.35133298601835,0,0
29.3695394417476,103,-0.186211440703593,57.54599198169172,0,0
29.3795348907767,114,-0.0286479139543989,61.27977983645584,0,0
29.3895303398058,117,0.100267698840396,65.32521687919701,0,0
29.3995257888349,101,0.186211440703593,67.65480531834598,0,0
29.4095212378641,84,0.229183311635191,67.62667331082598,0,0
29.4195166868932,46,0.243507268612391,65.0036920428474,0,0
29.4295121359223,-7,0.229183311635191,60.622460304869705,0,0
29.4395075849515,-32,0.200535397680792,56.014473714007465,0,0
29.4495030339806,-35,0.143239569771994,51.60125937166727,0,0
29.4594984830097,-29,0.0429718709315983,46.88262474800703,0,0
29.4694939320388,17,-0.0859437418631967,40.212281138866025,0,0
29.479489381068,85,-0.243507268612391,30.89422183967573,0,0
29.4894848300971,102,-0.372422881407186,20.89671340233969,0,0
29.4994802791262,96,-0.401070795361584,12.110580081087692,0,0
29.5094757281553,114,-0.300803096521188,4.22034474166982,0,0
29.5194711771845,124,-0.100267698840396,-3.877822827243604,1,0
29.5294666262136,120,0.128915612794795,-13.095630705110674,0,0
29.5394620752427,156,0.372422881407186,-23.851616118142545,0,0
29.5494575242718,229,0.587282236065177,-36.74323314230922,0,0
29.559452973301,227,0.75916971979157,-50.72785340550723,0,0
29.5694484223301,107,0.888085332586366,-67.50232168338249,0,0
29.5794438713592,-57,1.00267698840396,-84.61582368795591,0,0
29.5894393203883,-231,1.21753634306195,-100.33133253300156,0,0
29.5994347694175,-371,1.53266339656034,-113.97626220298116,0,0
29.6094302184466,-455,1.90508627796753,-124.79519354910325,0,0
29.6194256674757,-471,2.33480498728351,-133.6631860291131,0,0
29.6294211165048,-447,2.76452369659949,-141.0773743459484,0,0
29.639416565534,-383,3.12262262102948,-147.2247616027372,0,0
29.6494120145631,-287,3.38045384661907,-152.84063059184163,0,0
29.6594074635922,-170,3.55234133034546,-157.86661079524316,0,0
29.6694029126214,-74,3.65260902918586,-161.73825001696912,0,0
29.6793983616505,-32,3.69558090011746,-165.5226618949274,0,0
29.6893938106796,-47,3.69558090011746,-169.84169516861377,0,0
29.6993892597087,-88,3.69558090011746,-173.7371174884847,0,0
29.7093847087379,-131,3.69558090011746,-176.4645178826043,0,0
29.719380157767,-149,3.72422881407186,-177.77822827242042,0,0
29.7293756067961,-147,3.72422881407186,-176.4365444290719,0,0
29.7393710558252,-166,3.68125694314026,-171.6702077057039,0,0
29.7493665048544,-200,3.56666528732266,-164.79662053498734,0,0
29.7593619538835,-213,3.40910176057347,-156.77557815577242,0,0
29.7693574029126,-200,3.19424240591548,-146.98208339938046,0,0
29.7793528519417,-172,2.96505909428028,-135.62685451537533,0,0
29.7893483009709,-133,2.6929039117135,-123.13377426440844,0,0
29.79934375,-89,2.42074872914671,-107.96770028764968,0,0
29.8093391990291,-90,2.17724146053432,-88.56395388342987,0,0
29.8193346480583,-22,1.87643836401313,-66.93241070012131,0,0
29.8293300970874,0,1.63293109540074,-46.545040657767096,0,0
29.8393255461165,-2,1.41807174074275,-28.998278556702274,0,0
29.8493209951456,0,1.20321238608475,-15.526014179254748,0,0
29.8593164441748,-15,1.04564885933556,-6.325216879203724,0,0
29.8693118932039,-11,0.888085332586366,-0.2846270583704416,0,0
29.879307342233,-8,0.730521805837172,4.426849985276646,0,1
29.8893027912621,5,0.572958279087978,8.947495979522866,0,0
29.8992982402913,42,0.429718709315983,14.902376044755808,0,0
29.9092936893204,63,0.300803096521188,24.28054995582859,0,0
29.9192891383495,63,0.157563526749194,39.70961969693079,0,0
29.9292845873786,74,0.0429718709315983,61.17101180093974,0,0
29.9392800364078,84,-0.0143239569771994,84.46644318103625,0,0
29.9492754854369,82,-0.114591655817596,104.61383043782348,0,0
29.959270934466,72,-0.200535397680792,118.06061292440144,0,0
29.9692663834951,60,-0.25783122558959,121.82778771884708,0,0
29.9792618325243,48,-0.300803096521188,116.7490996398425,0,0
29.9892572815534,41,-0.329451010475587,106.11255068063744,0,0
29.9992527305825,35,-0.329451010475587,91.28347187930726,0,0
30.0092481796116,40,-0.315127053498388,74.32335953248369,0,0
30.0192436286408,51,-0.272155182566789,57.32313302678903,0,0
30.0292390776699,67,-0.214859354657992,40.92502661441465,0,0
30.039234526699,88,-0.143239569771994,25.4241319169148,0,0
30.0492299757281,104,-0.0716197848859972,11.576230492195569,0,0
30.0592254247573,118,-0.0143239569771994,-0.2539128859090116,1,0
30.0692208737864,136,0.0,-11.962603909486909,0,0
30.0792163228155,145,-0.0429718709315983,-21.889329316629752,0,0
30.0892117718447,136,-0.114591655817596,-31.494280731156685,0,0
30.0992072208738,122,-0.229183311635191,-42.07062447620067,0,0
30.1092026699029,113,-0.315127053498388,-54.2253278669895,0,0
30.119198118932,94,-0.358098924429986,-68.43982876168539,0,0
30.1291935679612,62,-0.372422881407186,-83.58884685948877,0,0
30.1391890169903,21,-0.401070795361584,-99.44963645834537,0,0
30.1491844660194,-40,-0.458366623270382,-115.08346734919046,0,0
30.1591799150485,-139,-0.572958279087978,-129.2031076581426,0,0
30.1691753640777,-313,-0.830789504677568,-141.95019139729715,0,0
30.1791708131068,-523,-1.21753634306195,-153.94853790571042,0,0
30.1891662621359,-662,-1.67590296633234,-164.58732927131203,0,0
30.199161711165,-699,-2.17724146053432,-173.77496659038954,0,0
30.2091571601942,-640,-2.6356080838047,-181.94153887968167,0,0
30.2191526092233,-463,-2.99370700823468,-189.29257740829985,0,0
30.2291480582524,-255,-3.20856636289268,-196.01841491311228,0,0
30.2391435072815,-104,-3.29451010475587,-201.98919567824788,0,0
30.2491389563107,3,-3.26586219080147,-206.7506625291386,0,0
30.2591344053398,32,-3.13694657800668,-210.1703096332629,0,0
30.2691298543689,5,-2.97938305125748,-211.89100545876275,0,0
30.2791253033981,-25,-2.82181952450829,-211.39310063645647,0,0
30.2891207524272,-53,-2.6929039117135,-208.40039411988792,0,0
30.2991162014563,-97,-2.5926362128731,-202.49138145822025,0,0
30.3091116504854,-150,-2.5066924710099,-193.50236698450723,0,0
30.3191070995146,-188,-2.42074872914671,-180.83331445783767,0,0
30.3291025485437,-212,-2.32048103030631,-165.12457813312082,0,0
30.3390979975728,-226,-2.20588937448871,-148.99066796528203,0,0
30.3490934466019,-217,-2.03400189076232,-133.31409544948502,0,0
30.3590888956311,-177,-1.79049462214993,-116.96697546941942,0,0
30.3690843446602,-129,-1.51833943958314,-99.48458628733354,0,0
30.3790797936893,-92,-1.23186030003915,-81.41375795600308,0,0
30.3890752427184,-55,-0.931057203517964,-63.08004711317752,0,0
30.3990706917476,-32,-0.658902020951174,-44.53034043805679,0,0
30.4090661407767,-20,-0.415394752338784,-26.26102516477977,0,0
30.4190615898058,-11,-0.200535397680792,-10.422116016216531,0,0
30.4290570388349,3,-0.0143239569771994,0.1846700944529188,0,1
30.4390524878641,11,0.157563526749194,4.620852114430189,0,0
30.4490479368932,19,0.315127053498388,4.646809667262625,0,0
30.4590433859223,33,0.487014537224781,3.5171125053791,0,0
30.4690388349515,48,0.658902020951174,4.8499173254201615,0,0
30.4790342839806,69,0.830789504677568,12.581530725496272,0,0
30.4890297330097,87,0.974029074449562,27.26378853427847,0,0
30.4990251820388,95,1.10294468724436,47.464359328631616,0,0
30.509020631068,99,1.20321238608475,72.19665224579562,0,0
30.5190160800971,102,1.26050821399355,96.39072232665538,0,0
30.5290115291262,94,1.27483217097075,115.43380371015,0,0
30.5390069781553,82,1.27483217097075,127.38009920948043,0,0
30.5490024271845,61,1.24618425701635,131.8257944687157,0,0
30.5589978762136,28,1.18888842910755,129.4495911572027,0,0
30.5689933252427,-33,1.10294468724436,121.7885116310535,0,0
30.5789887742718,-74,1.01700094538116,110.32127568007064,0,0
30.588984223301,-31,0.931057203517964,96.68300527757155,0,0
30.5989796723301,36,0.845113461654767,82.56418038912726,0,0
30.6089751213592,68,0.75916971979157,69.64499762168214,0,0
30.6189705703883,93,0.730521805837172,58.39242111938441,0,0
30.6289660194175,130,0.78781763374597,48.121248499394206,0,0
30.6389614684466,167,0.945381160495163,37.79070873632037,0,0
30.6489569174757,195,1.11726864422156,27.145507259504463,0,0
30.6589523665049,213,1.27483217097075,16.055924256493206,0,0
30.668947815534,254,1.38942382678835,4.2153616163442,0,0
30.6789432645631,293,1.46104361167434,-8.883191012252894,1,0
30.6889387135922,289,1.47536756865154,-23.30786654284081,0,0
30.6989341626214,252,1.44671965469714,-39.25119481754509,0,0
30.7089296116505,171,1.44671965469714,-56.170694692964986,0,0
30.7189250606796,38,1.50401548260594,-72.91610228996413,0,0
30.7289205097087,-121,1.69022692330953,-88.83567011709313,0,0
30.7389159587379,-262,2.01967793378512,-103.2393032684652,0,0
30.748911407767,-404,2.40642477216951,-115.83469614259454,0,0
30.7589068567961,-558,2.87911535241709,-126.58948107543436,0,0
30.7689023058252,-622,3.32315801871027,-135.56939002014326,0,0
30.7788977548544,-583,3.68125694314026,-143.04077102537468,0,0
30.7888932038835,-467,3.89611629779825,-149.49926385646862,0,0
30.7988886529126,-311,4.02503191059304,-155.24521506714092,0,0
30.8088841019417,-170,4.05367982454744,-160.5213708124573,0,0
30.8188795509709,-76,4.03935586757024,-165.89764207567896,0,0
30.828875,-11,3.98206003966145,-172.35912478196826,0,0
30.8388704490291,14,3.91044025477545,-179.52445128992912,0,0
30.8488658980582,-14,3.86746838384385,-184.57858615142032,0,0
30.8588613470874,-88,3.85314442686665,-186.35794695234424,0,0
30.8688567961165,-157,3.85314442686665,-185.8683775396736,0,0
30.8788522451456,-197,3.82449651291225,-183.01544768848817,0,0
30.8888476941748,-209,3.75287672802625,-177.02285442476824,0,0
30.8988431432039,-205,3.62396111523146,-168.25681215880627,0,0
30.908838592233,-203,3.45207363150507,-157.26222564495674,0,0
30.9188340412621,-196,3.23721427684707,-144.29511427210718,0,0
30.9288294902913,-168,2.99370700823468,-128.12836077825872,0,0
30.9388249393204,-122,2.7072278686907,-107.9862737547724,0,0
30.9488203883495,-62,2.39210081519231,-85.24729891955792,0,0
30.9588158373786,-7,2.07697376169392,-61.057849554909176,0,0
30.9688112864078,26,1.76184670819553,-37.12011597091232,0,0
30.9788067354369,46,1.46104361167434,-15.610636707511324,0,0
30.988802184466,55,1.21753634306195,2.283041518493992,0,1
30.9987976334951,56,0.988353031426762,16.6483272554286,0,0
31.0087930825243,48,0.78781763374597,26.61811139549857,0,0
31.0187885315534,38,0.630254106996776,30.723504496134563,0,0
31.0287839805825,36,0.472690580247582,30.476726539668963,0,0
31.0387794296116,40,0.343774967452787,28.917619878136584,0,0
31.0487748786408,50,0.229183311635191,30.160003624087643,0,0
31.0587703276699,58,0.114591655817596,37.10287888739971,0,0
31.068765776699,70,0.0143239569771994,49.80998437110116,0,0
31.0787612257282,80,-0.0572958279087978,66.69539513918002,0,0
31.0887566747573,88,-0.157563526749194,88.1882715350189,0,0
31.0987521237864,84,-0.243507268612391,112.75374300662358,0,0
31.1087475728155,73,-0.329451010475587,136.2132324627807,0,0
31.1187430218447,69,-0.415394752338784,153.3849237808154,0,0
31.1287384708738,59,-0.501338494201981,160.22401413393703,0,0
31.1387339199029,38,-0.587282236065177,154.919567827113,0,0
31.148729368932,35,-0.644578063973975,139.35436816234323,0,0
31.1587248179612,50,-0.658902020951174,117.89823099049582,0,0
31.1687202669903,73,-0.658902020951174,94.12892704250427,0,0
31.1787157160194,88,-0.644578063973975,69.58556252688953,0,0
31.1887111650485,85,-0.615930150019576,45.18822623388458,0,0
31.1987066140777,91,-0.615930150019576,21.85490045074382,0,0
31.2087020631068,102,-0.644578063973975,1.2826791093794585,0,0
31.2186975121359,119,-0.701873891882773,-15.315273279121186,1,0
31.228692961165,141,-0.77349367676877,-28.09667263131344,0,0
31.2386884101942,151,-0.845113461654767,-38.22992593263275,0,0
31.2486838592233,145,-0.931057203517964,-47.28519332260659,0,0
31.2586793082524,135,-0.974029074449562,-56.50508505288251,0,0
31.2686747572815,128,-0.988353031426762,-66.91673650591531,0,0
31.2786702063107,133,-0.974029074449562,-79.00321638088279,0,0
31.2886656553398,130,-0.959705117472363,-92.56377267887213,0,0
31.2986611043689,68,-0.959705117472363,-107.07660422658384,0,0
31.308656553398,-47,-1.04564885933556,-121.68089877459002,0,0
31.3186520024272,-176,-1.20321238608475,-135.76751455297523,0,0
31.3286474514563,-300,-1.48969152562874,-148.76647262676926,0,0
31.3386429004854,-480,-1.94805814889912,-160.81548845951608,0,0
31.3486383495146,-672,-2.5210164279871,-172.01898117735664,0,0
31.3586337985437,-802,-3.09397470707508,-182.6412829282444,0,0
31.3686292475728,-821,-3.60963715825426,-192.31092436972557,0,0
31.3786246966019,-696,-3.96773608268425,-200.85213708122424,0,0
31.3886201456311,-451,-4.16827148036504,-208.43552515343345,0,0
31.3986155946602,-196,-4.23989126525103,-215.40120954039492,0,0
31.4086110436893,-33,-4.21124335129664,-221.11402296765195,0,0
31.4186064927184,28,-4.09665169547904,-225.12702439463743,0,0
31.4286019417476,49,-3.93908816872985,-226.88577317716903,0,0
31.4385973907767,65,-3.78152464198065,-226.3075267842724,0,0
31.4485928398058,76,-3.62396111523146,-223.5255838184071,0,0
31.4585882888349,51,-3.49504550243666,-218.32206844999615,0,0
31.4685837378641,-19,-3.38045384661907,-210.3136424380829,0,0
31.4785791868932,-113,-3.28018614777867,-199.10108949237764,0,0
31.4885746359223,-191,-3.16559449196108,-184.51142721237292,0,0
31.4985700849515,-234,-3.05100283614348,-167.506466737619,0,0
31.5085655339806,-245,-2.89343930939429,-148.4024100205948,0,0
31.5185609830097,-228,-2.6785799547363,-126.85220503294182,0,0
31.5285564320388,-191,-2.42074872914671,-103.43285238622548,0,0
31.538551881068,-144,-2.13426958960272,-79.29719812452358,0,0
31.5485473300971,-98,-1.83346649308153,-55.312781716453685,0,0
31.5585427791262,-65,-1.54698735353754,-33.15291399578307,0,0
31.5685382281553,-47,-1.28915612794795,-13.674647217375842,0,0
31.5785336771845,-39,-1.05997281631276,2.454053319440776,0,1
31.5885291262136,-23,-0.873761375609166,14.398197014653334,0,0
31.5985245752427,1,-0.701873891882773,19.549117760309485,0,0
31.6085200242718,28,-0.558634322110778,16.69172574690066,0,0
31.618515473301,38,-0.401070795361584,8.097533352962905,0,0
31.6285109223301,50,-0.25783122558959,-1.3920360597067516,1,0
31.6385063713592,63,-0.114591655817596,-6.357675145529208,0,0
31.6485018203883,76,0.0,-2.8283539831023905,0,0
31.6584972694175,85,0.100267698840396,9.168044576319996,0,1
31.6684927184466,100,0.171887483726393,26.75086638428644,0,0
31.6784881674757,110,0.229183311635191,47.74923554326836,0,0
31.6884836165048,114,0.243507268612391,70.61496296631042,0,0
31.698479065534,105,0.243507268612391,94.79222632448108,0,0
31.7084745145631,96,0.214859354657992,118.201227660862,0,0
31.7184699635922,78,0.157563526749194,137.24136447030057,0,0
31.7284654126214,51,0.0716197848859972,150.03361344536077,0,0
31.7384608616505,22,-0.0286479139543989,156.25776348273357,0,0
31.7484563106796,14,-0.157563526749194,155.26537407414006,0,0
31.7584517597087,0,-0.286479139543989,131.50997757592083,0,0
31.7684472087379,-35,-0.372422881407186,107.8396339667818,0,0
31.778442657767,-53,-0.415394752338784,88.77546490293201,0,0
31.7884381067961,-17,-0.386746838384385,75.38098258170318,0,0
31.7984335558252,52,-0.272155182566789,66.65788579582004,0,0
31.8084290048544,127,-0.128915612794795,60.371333439028994,0,0
31.8184244538835,172,0.0429718709315983,55.09486058573735,0,0
31.8284199029126,208,0.200535397680792,50.88928401548709,0,0
31.8384153519417,258,0.343774967452787,46.33160433984379,0,0
31.8484108009709,317,0.429718709315983,40.839905773625496,0,0
31.85840625,374,0.444042666293183,34.481030147904235,0,0
31.8684016990291,383,0.444042666293183,26.11232417495001,0,0
31.8783971480582,309,0.444042666293183,13.743572900856924,0,0
31.8883925970874,177,0.487014537224781,-2.6525629119568688,1,0
31.8983880461165,33,0.601606193042377,-21.22365172483836,0,0
31.9083834951456,-80,0.77349367676877,-40.107544904749645,0,0
31.9183789441748,-167,0.974029074449562,-57.982060748821056,0,0
31.9283743932039,-279,1.23186030003915,-74.1561983283793,0,0
31.938369842233,-390,1.54698735353754,-89.14444268272308,0,0
31.9483652912621,-502,1.87643836401313,-102.58569843030357,0,0
31.9583607402913,-558,2.22021333146591,-114.69113683207796,0,0
31.9683561893204,-527,2.5066924710099,-126.57641169673944,0,0
31.9783516383495,-474,2.73587578264509,-138.46343065526483,0,0
31.9883470873786,-438,2.92208722334869,-153.43837912521712,0,0
31.9983425364078,-368,3.09397470707508,-169.47835738066846,0,0
35.0069726941748,328,1.69022692330953,-184.64753448547089,0,0
35.0169681432039,342,1.76184670819553,-200.12353620691232,0,0
35.026963592233,216,1.77617066517273,-216.5607148519534,0,0
35.0369590412621,47,1.77617066517273,-231.95660150850105,0,0
35.0469544902913,-103,1.83346649308153,-245.3262588053805,0,0
35.0569499393204,-193,1.96238210587632,-254.62463475953467,0,0
35.0669453883495,-254,2.16291750355712,-259.4356384062758,0,0
35.0769408373786,-340,2.37777685821511,-261.9645971595881,0,0
35.0869362864078,-397,2.6499320407819,-261.2003442886285,0,0
35.0969317354369,-430,2.92208722334869,-257.65992434706743,0,0
35.106927184466,-456,3.15127053498388,-251.40838977097357,0,0
35.1169226334951,-432,3.28018614777867,-239.49586627100888,0,0
35.1269180825243,-339,3.33748197568747,-223.54039729096584,0,0
35.1369135315534,-217,3.32315801871027,-205.5696844775407,0,0
35.1469089805825,-132,3.26586219080147,-186.59634419803487,0,0
35.1569044296116,-94,3.20856636289268,-169.27160298079525,0,0
35.1668998786408,-98,3.15127053498388,-152.0196833450184,0,0
35.1768953276699,-118,3.12262262102948,-135.40549049807024,0,0
35.186890776699,-124,3.10829866405228,-121.30918027586976,0,0
35.1968862257281,-148,3.05100283614348,-111.04942354298912,0,0
35.2068816747573,-182,2.97938305125748,-106.05116763685366,0,0
35.2168771237864,-181,2.87911535241709,-105.86833223854346,0,0
35.2268725728155,-182,2.76452369659949,-107.84767491901164,0,0
35.2368680218447,-80,2.6356080838047,-110.57609458876604,0,0
35.2468634708738,-39,2.4780445570555,-114.6312034247528,0,0
35.2568589199029,-42,2.34912894426071,-118.6634578359508,0,0
35.266854368932,-10,2.16291750355712,-100.98339713242616,0,0
35.2768498179612,25,1.93373419192193,-79.13855353461221,0,0
35.2868452669903,5,1.73319879424113,-57.88242089287871,0,0
35.2968407160194,5,1.57563526749194,-39.14172461436947,0,0
35.3068361650485,-24,1.37509986981115,-23.203515368408787,0,0
35.3168316140777,-52,1.21753634306195,-8.381911255067052,0,0
35.3268270631068,-22,1.07429677328996,6.910349045277727,0,1
35.3368225121359,-23,0.945381160495163,22.16745566150735,0,0
35.346817961165,22,0.802141590723169,38.26947382726237,0,0
35.3568134101942,103,0.673225977928374,54.40118688984401,0,0
35.3668088592233,103,0.51566245117918,70.272531654163,0,0
35.3768043082524,120,0.386746838384385,84.91012253957209,0,0
35.3867997572816,120,0.243507268612391,97.2583297469819,0,0
35.3967952063107,73,0.171887483726393,105.93610274297176,0,0
35.4067906553398,73,0.0572958279087978,109.30270221294803,0,0
35.4167861043689,20,0.0,106.33869396814109,0,0
35.4267815533981,-17,-0.0716197848859972,97.7349203832364,0,0
35.4367770024272,-42,-0.143239569771994,85.33488867244027,0,0
35.4467724514563,-48,-0.186211440703593,71.62241500372909,0,0
35.4567679004854,-30,-0.200535397680792,57.85209178010162,0,0
35.4667633495146,15,-0.186211440703593,45.1536161634413,0,0
35.4767587985437,59,-0.157563526749194,34.387279440073954,0,0
35.4867542475728,88,-0.0859437418631967,24.173775170442752,0,0
35.4967496966019,131,-0.0143239569771994,16.436136718836593,0,0
35.5067451456311,177,0.0429718709315983,8.972253052163255,0,0
35.5167405946602,191,0.0429718709315983,0.1199800674986981,0,0
35.5267360436893,189,-0.0286479139543989,-8.976443407550633,1,0
35.5367314927184,199,-0.186211440703593,-17.906974110396753,0,0
35.5467269417476,204,-0.386746838384385,-28.70590500350746,0,0
35.5567223907767,206,-0.601606193042377,-40.51437178644568,0,0
35.5667178398058,183,-0.816465547700368,-54.10466828240099,0,0
35.5767132888349,108,-1.03132490235836,-69.4742349770016,0,0
35.5867087378641,-11,-1.26050821399355,-84.36571609775005,0,0
35.5967041868932,-175,-1.46104361167434,-99.0870914403382,0,0
35.6066996359223,-329,-1.67590296633234,-111.79376656321612,0,0
35.6166950849514,-505,-1.94805814889912,-120.99334073250536,0,0
35.6266905339806,-627,-2.30615707332911,-128.6646809667114,0,0
35.6366859830097,-645,-2.6356080838047,-134.19146526533586,0,0
35.6466814320388,-557,-2.90776326637149,-138.1327096876326,0,0
35.656676881068,-404,-3.07965075009788,-142.17946046341413,0,0
35.6666723300971,-216,-3.15127053498388,-145.17035493440974,0,0
35.6766677791262,-55,-3.12262262102948,-148.78534055129757,0,0
35.6866632281553,51,-3.00803096521188,-152.86704115606733,0,0
35.6966586771845,98,-2.82181952450829,-157.0218124985661,0,0
35.7066541262136,83,-2.5783122558959,-160.39303268475345,0,0
35.7166495752427,3,-2.32048103030631,-162.6563002559326,0,0
35.7266450242718,-93,-2.10562167564832,-163.017690094887,0,0
35.736640473301,-161,-1.94805814889912,-160.43201431514146,0,0
35.7466359223301,-191,-1.84779045005873,-154.9238940859183,0,0
35.7566313713592,-196,-1.77617066517273,-147.5622550906984,0,0
35.7666268203883,-183,-1.70455088028673,-139.2025413938999,0,0
35.7766222694175,-167,-1.58995922446914,-130.52107635505516,0,0
35.7866177184466,-151,-1.43239569771994,-120.50060024008204,0,0
35.7966131674757,-113,-1.23186030003915,-107.82538675846446,0,0
35.8066086165048,-78,-0.974029074449562,-93.3312645812934,0,0
35.816604065534,-41,-0.687549934905573,-76.34335998549479,0,0
35.8265995145631,-1,-0.415394752338784,-56.38800425830054,0,0
35.8365949635922,27,-0.143239569771994,-36.12052368116635,0,0
35.8465904126214,41,0.100267698840396,-17.882851253706924,0,0
35.8565858616505,44,0.329451010475587,-2.837708668372649,0,0
35.8665813106796,45,0.558634322110778,9.791614759110082,0,1
35.8765767597087,40,0.75916971979157,19.98878796801509,0,0
35.8865722087379,32,0.945381160495163,30.290108496225187,0,0
35.896567657767,27,1.10294468724436,42.63437450451385,0,0
35.9065631067961,28,1.24618425701635,57.52630863665557,0,0
35.9165585558252,33,1.34645195585675,72.54130331376997,0,0
35.9265540048544,38,1.43239569771994,87.4834084577126,0,0
35.9365494538835,46,1.50401548260594,101.99920723005005,0,0
35.9465449029126,47,1.53266339656034,114.424969987982,0,0
35.9565403519417,33,1.53266339656034,123.1658474710497,0,0
35.9665358009709,31,1.50401548260594,126.78663163377097,0,0
35.97653125,35,1.46104361167434,123.80443498152552,0,0
35.9865266990291,9,1.38942382678835,115.70474982444476,0,0
35.9965221480583,-30,1.28915612794795,104.98151713514385,0,0
36.0065175970874,-13,1.17456447213035,92.45545765474937,0,0
36.0165130461165,54,1.03132490235836,78.33486602187142,0,0
36.0265084951456,133,0.902409289563565,63.35642936419121,0,0
36.0365039441748,175,0.802141590723169,48.21558812203572,0,0
36.0464993932039,191,0.845113461654767,33.42028132007137,0,0
36.056494842233,238,1.00267698840396,19.1295386078938,0,0
36.0664902912621,267,1.21753634306195,4.499173254206855,0,0
36.0764857402913,254,1.44671965469714,-10.65990169652639,1,0
36.0864811893204,269,1.61860713842354,-26.055833654213355,0,0
36.0964766383495,304,1.71887483726393,-41.28600874311506,0,0
36.1064720873786,307,1.71887483726393,-56.39031461640603,0,0
36.1164675364078,254,1.63293109540074,-71.27821694714791,0,0
36.1264629854369,125,1.50401548260594,-85.30677931548985,0,0
36.136458434466,-105,1.36077591283395,-98.65867856575444,0,0
36.1464538834951,-362,1.33212799887955,-111.77852272983364,0,0
36.1564493325243,-571,1.47536756865154,-124.92577408320366,0,0
36.1664447815534,-636,1.76184670819553,-138.41450542479532,0,0
36.1764402305825,-630,2.20588937448871,-152.0172144329253,0,0
36.1864356796116,-598,2.6642559977591,-165.0597069016094,0,0
36.1964311286408,-524,3.02235492218908,-177.39491268203335,0,0
36.2064265776699,-418,3.22289031986988,-188.9726607623962,0,0
36.216422026699,-296,3.30883406173307,-199.82090194566072,0,0
36.2264174757282,-171,3.28018614777867,-208.903803030622,0,0
36.2364129247573,-110,3.20856636289268,-215.58182518287836,0,0
36.2464083737864,-116,3.16559449196108,-220.71741149287345,0,0
36.2564038228155,-123,3.19424240591548,-225.1386667874436,0,0
36.2663992718447,-116,3.26586219080147,-228.0885637273513,0,0
36.2763947208738,-115,3.33748197568747,-228.1374889578208,0,0
36.2863901699029,-134,3.35180593266467,-224.70538404038257,0,0
36.296385618932,-173,3.29451010475587,-218.8291014518761,0,0
36.3063810679612,-196,3.19424240591548,-211.10462298124352,0,0
36.3163765169903,-187,3.03667887916628,-200.10607261770315,0,0
36.3263719660194,-158,2.86479139543989,-185.62755668302907,0,0
36.3363674150485,-121,2.6785799547363,-168.57611723932902,0,0
36.3463628640777,-96,2.4637206000783,-148.1167183854502,0,0
36.3563583131068,-74,2.24886124542031,-123.2588054089417,0,0
36.3663537621359,-60,2.01967793378512,-94.24136447030546,0,0
36.376349211165,-68,1.79049462214993,-63.15445423451661,0,0
36.3863446601942,-77,1.58995922446914,-33.182518290331075,0,0
36.3963401092233,-75,1.40374778376555,-8.148497134701909,0,0
36.4063355582524,-60,1.24618425701635,8.330381209086523,0,1
36.4163310072816,-23,1.10294468724436,16.62420439873877,0,0
36.4263264563107,19,0.959705117472363,21.653287730183965,0,0
36.4363219053398,46,0.830789504677568,27.604838161676607,0,0
36.4463173543689,78,0.687549934905573,36.61566513397391,0,0
36.4563128033981,108,0.572958279087978,50.32374459217069,0,0
36.4663082524272,127,0.458366623270382,68.66649301229135,0,0
36.4763037014563,122,0.372422881407186,86.55786088019116,0,0
36.4862991504854,98,0.315127053498388,101.28743572899688,0,0
36.4962945995146,65,0.25783122558959,113.1177603116588,0,0
36.5062900485437,34,0.214859354657992,121.3784683684655,0,0
36.5162854975728,27,0.186211440703593,123.93238804954515,0,0
36.5262809466019,29,0.171887483726393,119.47319305079148,0,0
36.5362763956311,39,0.157563526749194,109.4941448277298,0,0
36.5462718446602,63,0.143239569771994,95.31713062582423,0,0
36.5562672936893,93,0.171887483726393,77.80676799020597,0,0
36.5662627427184,118,0.214859354657992,58.984642913762485,0,0
36.5762581917476,130,0.286479139543989,41.12928945162496,0,0
36.5862536407767,135,0.329451010475587,25.77761670705721,0,0
36.5962490898058,142,0.329451010475587,13.540034881875728,0,0
36.6062445388349,142,0.300803096521188,4.302792815238822,0,0
36.6162399878641,121,0.229183311635191,-3.0587329271327324,1,0
36.6262354368932,108,0.143239569771994,-10.2533466216663,0,0
36.6362308859223,109,0.0716197848859972,-18.479897619422943,0,0
36.6462263349515,103,0.0143239569771994,-28.42304468957061,0,0
36.6562217839806,147,0.0,-40.39978255452652,0,0
36.6662172330097,185,0.0,-53.78966681011402,0,0
36.6762126820388,170,0.0429718709315983,-67.28433260095709,0,0
36.686208131068,60,0.0572958279087978,-80.08636662211123,0,0
36.6962035800971,-127,0.0143239569771994,-92.09556275339254,0,0
36.7061990291262,-362,-0.114591655817596,-103.20297175472764,0,0
36.7161944781553,-592,-0.386746838384385,-113.8620127296069,0,0
36.7261899271845,-637,-0.816465547700368,-124.46836847945278,0,0
36.7361853762136,-557,-1.41807174074275,-135.0616548506038,0,0
36.7461808252427,-517,-2.06264980471672,-145.64789689458996,0,0
36.7561762742718,-508,-2.5783122558959,-156.24036784523318,0,0
36.766171723301,-416,-2.89343930939429,-166.1547486919103,0,0
36.7761671723301,-237,-3.02235492218908,-174.66669686740596,0,0
36.7861626213592,-80,-2.97938305125748,-181.42922829507057,0,0
36.7961580703883,37,-2.82181952450829,-185.99585494573037,0,0
36.8061535194175,117,-2.5926362128731,-188.0449160796176,0,0
36.8161489684466,147,-2.37777685821511,-187.1941606831195,0,0
36.8261444174757,129,-2.14859354657992,-183.5075539649609,0,0
36.8361398665048,73,-1.90508627796753,-177.7323835194249,0,0
36.846135315534,-4,-1.66157900935514,-170.25178373234112,0,0
36.8561307645631,-101,-1.43239569771994,-161.23062810027804,0,0
36.8661262135922,-175,-1.26050821399355,-150.97186799246248,0,0
36.8761216626214,-205,-1.11726864422156,-139.93820924594627,0,0
36.8861171116505,-219,-1.00267698840396,-127.87974812565052,0,0
36.8961125606796,-212,-0.873761375609166,-113.83345036126336,0,0
36.9061080097087,-179,-0.701873891882773,-97.6463793064282,0,0
36.9161034587379,-145,-0.487014537224781,-78.07683073228381,0,0
36.926098907767,-122,-0.25783122558959,-55.84690479964918,0,0
36.9360943567961,-109,-0.0429718709315983,-32.58685360936445,0,0
36.9460898058252,-105,0.143239569771994,-11.382590772156536,0,0
36.9560852548544,-91,0.315127053498388,4.549548121134782,0,1
36.9660807038835,-51,0.472690580247582,12.710956080544026,0,0
36.9760761529126,7,0.615930150019576,12.607963940291672,0,0
36.9860716019417,55,0.75916971979157,10.020589367821458,0,0
36.9960670509709,90,0.916733246540764,9.414958436203577,0,0
37.0060625,117,1.05997281631276,10.429885161610589,0,0
37.0160579490291,119,1.16024051515316,11.422727581597318,0,0
37.0260533980582,116,1.24618425701635,15.03417970961791,0,0
37.0360488470874,108,1.30348008492515,26.805046546917502,0,0
37.0460442961165,91,1.33212799887955,49.15379736799808,0,0
37.0560397451456,77,1.34645195585675,76.70071802304938,0,0
37.0660351941748,58,1.38942382678835,102.39880858002394,0,0
37.0760306432039,38,1.43239569771994,125.23022039002832,0,0
37.086026092233,32,1.47536756865154,145.72361774896956,0,0
37.0960215412621,34,1.50401548260594,161.51002287705668,0,0
37.1060169902913,47,1.53266339656034,169.86060839428146,0,0
37.1160124393204,68,1.54698735353754,169.81184171779964,0,0
37.1260078883495,86,1.54698735353754,162.40698543566492,0,0
37.1360033373786,104,1.54698735353754,150.01363564291907,0,0
37.1459987864078,104,1.54698735353754,133.33425445648416,0,0
37.1559942354369,90,1.56131131051474,113.82792362226596,0,0
37.165989684466,86,1.58995922446914,94.22387823052662,0,0
37.1759851334951,111,1.66157900935514,76.45432512626807,0,0
37.1859805825243,147,1.73319879424113,60.84022288159844,0,0
37.1959760315534,188,1.81914253610433,45.7061768103415,0,0
37.2059714805825,240,1.89076232099033,29.020272259844,0,0
37.2159669296116,295,1.94805814889912,10.421255294569471,0,0
37.2259623786408,330,1.96238210587632,-9.207139459556338,1,0
37.2359578276699,323,1.94805814889912,-28.740900133635023,0,0
37.245953276699,281,1.89076232099033,-47.649346531059706,0,0
37.2559487257281,205,1.80481857912713,-65.28641645336623,0,0
37.2659441747573,139,1.74752275121833,-80.76946250197253,0,0
37.2759396237864,57,1.73319879424113,-93.79591836733604,0,0
37.2859350728155,-129,1.77617066517273,-105.17792022468144,0,0
37.2959305218447,-435,1.87643836401313,-116.35425490949744,0,0
37.3059259708738,-617,2.03400189076232,-128.74096808533238,0,0
37.3159214199029,-588,2.34912894426071,-142.59679720943322,0,0
37.325916868932,-552,2.80749556753109,-157.46689619242093,0,0
37.3359123179612,-574,3.22289031986988,-172.5030238510298,0,0
37.3459077669903,-556,3.50936945941386,-187.2780810437165,0,0
37.3559032160194,-464,3.65260902918586,-201.39017871297125,0,0
37.3658986650485,-353,3.68125694314026,-213.6350766721535,0,0
37.3758941140777,-248,3.63828507220866,-223.17196312484668,0,0
37.3858895631068,-171,3.59531320127706,-229.8869510067912,0,0
37.3958850121359,-91,3.60963715825426,-233.799655711314,0,0
37.405880461165,-27,3.69558090011746,-235.3400530023057,0,0
37.4158759101942,-20,3.73855277104906,-235.01669346981348,0,0
37.4258713592233,-77,3.76720068500345,-232.81064123760012,0,0
37.4358668082524,-165,3.70990485709466,-228.6157330856606,0,0
37.4458622572815,-216,3.56666528732266,-222.28915717227716,0,0
37.4558577063107,-209,3.39477780359627,-213.4311309429184,0,0
37.4658531553398,-173,3.19424240591548,-201.09413576749125,0,0
37.4758486043689,-127,2.99370700823468,-184.60800924141105,0,0
37.4858440533981,-82,2.77884765357669,-164.28566898455588,0,0
37.4958395024272,-46,2.5496643419415,-140.89120931389783,0,0
37.5058349514563,-31,2.30615707332911,-114.6167750118782,0,0
37.5158304004854,-47,2.06264980471672,-86.1750209517669,0,0
37.5258258495146,-101,1.80481857912713,-56.0592991913681,0,0
37.5358212985437,-140,1.57563526749194,-25.89322521461107,0,0
37.5458167475728,-138,1.36077591283395,-0.3579243017960518,0,0
37.5558121966019,-93,1.16024051515316,14.543183311058662,0,1
37.5658076456311,-27,0.974029074449562,21.530544293186548,0,0
37.5758030946602,28,0.802141590723169,27.279213572218232,0,0
37.5857985436893,58,0.658902020951174,33.48175496613355,0,0
37.5957939927184,91,0.544310365133579,40.19506670592302,0,0
37.6057894417476,124,0.458366623270382,48.892523046948966,0,0
37.6157848907767,132,0.401070795361584,60.84180842147475,0,0
37.6257803398058,122,0.358098924429986,75.17334480961328,0,0
37.635775788835,106,0.343774967452787,90.44005526737952,0,0
37.6457712378641,91,0.343774967452787,105.41883168360464,0,0
37.6557666868932,71,0.329451010475587,120.41267072865492,0,0
37.6657621359223,49,0.315127053498388,133.66959614032749,0,0
37.6757575849515,31,0.286479139543989,141.3195768873424,0,0
37.6857530339806,40,0.272155182566789,140.69451176695472,0,0
37.6957484830097,65,0.286479139543989,131.4792634034594,0,0
37.7057439320388,95,0.315127053498388,116.61770368523425,0,0
37.715739381068,119,0.386746838384385,100.65283471878156,0,0
37.7257348300971,139,0.458366623270382,83.34779949714772,0,0
37.7357302791262,164,0.501338494201981,67.20931391423719,0,0
37.7457257281553,181,0.472690580247582,51.95759813358707,0,0
37.7557211771845,166,0.386746838384385,34.9254419910196,0,0
37.7657166262136,125,0.229183311635191,17.25213583901504,0,0
37.7757120752427,90,0.0572958279087978,-0.8888391092612267,1,0
37.7857075242718,75,-0.0859437418631967,-19.32400164065001,0,0
37.795702973301,88,-0.243507268612391,-37.87987054199235,0,0
37.8056984223301,141,-0.358098924429986,-56.38296460012833,0,0
37.8156938713592,183,-0.429718709315983,-74.65980260189897,0,0
37.8256893203883,194,-0.472690580247582,-92.53690333414497,0,0
37.8356847694175,152,-0.501338494201981,-109.84078558370676,0,0
37.8456802184466,30,-0.558634322110778,-126.39796813742494,0,0
37.8556756674757,-135,-0.701873891882773,-142.0349697821402,0,0
37.8656711165049,-293,-0.902409289563565,-156.57830930469316,0,0
37.875666565534,-411,-1.18888842910755,-169.85450549192473,0,0
37.8856620145631,-483,-1.57563526749194,-181.6900771306753,0,0
37.8956574635922,-534,-2.07697376169392,-191.91154300778587,0,0
37.9056529126214,-584,-2.5926362128731,-200.34542191009672,0,0
37.9156483616505,-577,-3.00803096521188,-206.8182326244485,0,0
37.9256438106796,-474,-3.26586219080147,-211.15649393768223,0,0
37.9356392597087,-321,-3.36612988964187,-213.1867246366382,0,0
37.9456347087379,-171,-3.35180593266467,-212.73544350815737,0,0
37.955630157767,-73,-3.26586219080147,-209.6291693390798,0,0
37.9656256067961,-66,-3.19424240591548,-203.69442091624643,0,0
37.9756210558252,-13,-3.07965075009788,-194.7577170264989,0,0
37.9856165048544,-24,-2.97938305125748,-182.64557645667625,0,0
37.9956119538835,-19,-2.89343930939429,-167.18451799362003,0,0
