Time (s),Forward Acceleration (cm/s^2),Roll (deg)
15.0060791868932,-8,4.58366623270382
15.0160746359223,-106,4.66960997456702
15.0260700849515,-242,4.81284954433901
15.0360655339806,-391,4.99906098504261
15.0460609830097,-495,5.170948468769
15.0560564320388,-508,5.2855401245866
15.066051881068,-444,5.34283595249539
15.0760473300971,-326,5.32851199551819
15.0860427791262,-192,5.2712161676094
15.0960382281553,-85,5.170948468769
15.1060336771845,0,5.027708898997
15.1160291262136,35,4.88446932922501
15.1260245752427,24,4.72690580247582
15.1360200242718,22,4.59799018968102
15.146015473301,3,4.44042666293183
15.1560109223301,-49,4.31151105013703
15.1660063713592,-112,4.16827148036504
15.1760018203883,-160,4.05367982454744
15.1859972694175,-194,3.92476421175265
15.1959927184466,-186,3.79584859895785
15.2059881674757,-145,3.62396111523146
15.2159836165048,-98,3.42342571755067
15.225979065534,-44,3.19424240591548
15.2359745145631,-9,2.96505909428028
15.2459699635922,0,2.75019973962229
15.2559654126214,-2,2.5496643419415
15.2659608616505,1,2.36345290123791
15.2759563106796,7,2.17724146053432
15.2859517597087,13,1.97670606285352
15.2959472087379,27,1.76184670819553
15.305942657767,33,1.54698735353754
15.3159381067961,40,1.34645195585675
15.3259335558252,43,1.14591655817596
15.3359290048544,47,0.945381160495163
15.3459244538835,50,0.77349367676877
15.3559199029126,55,0.615930150019576
15.3659153519417,58,0.472690580247582
15.3759108009709,66,0.329451010475587
15.38590625,71,0.200535397680792
15.3959016990291,75,0.0572958279087978
15.4058971480582,87,-0.0572958279087978
15.4158925970874,103,-0.186211440703593
15.4258880461165,100,-0.315127053498388
15.4358834951456,88,-0.415394752338784
15.4458789441748,85,-0.501338494201981
15.4558743932039,86,-0.572958279087978
15.465869842233,88,-0.630254106996776
15.4758652912621,106,-0.673225977928374
15.4858607402913,128,-0.716197848859972
15.4958561893204,136,-0.75916971979157
15.5058516383495,117,-0.816465547700368
15.5158470873786,85,-0.888085332586366
15.5258425364078,77,-0.974029074449562
15.5358379854369,107,-1.04564885933556
15.545833434466,160,-1.11726864422156
15.5558288834951,198,-1.17456447213035
15.5658243325243,212,-1.21753634306195
15.5758197815534,212,-1.26050821399355
15.5858152305825,193,-1.26050821399355
15.5958106796116,134,-1.28915612794795
15.6058061286408,28,-1.33212799887955
15.6158015776699,-79,-1.37509986981115
15.625797026699,-176,-1.44671965469714
15.6357924757282,-281,-1.57563526749194
15.6457879247573,-408,-1.77617066517273
15.6557833737864,-484,-2.09129771867112
15.6657788228155,-555,-2.5066924710099
15.6757742718447,-622,-2.89343930939429
15.6857697208738,-606,-3.16559449196108
15.6957651699029,-482,-3.33748197568747
15.705760618932,-303,-3.40910176057347
15.7157560679612,-156,-3.38045384661907
15.7257515169903,-81,-3.28018614777867
15.7357469660194,-61,-3.16559449196108
15.7457424150485,-57,-3.03667887916628
15.7557378640777,-51,-2.89343930939429
15.7657333131068,-65,-2.75019973962229
15.7757287621359,-115,-2.6069601698503
15.785724211165,-172,-2.4923685140327
15.7957196601942,-208,-2.42074872914671
15.8057151092233,-197,-2.37777685821511
15.8157105582524,-154,-2.34912894426071
15.8257060072816,-117,-2.27750915937471
15.8357014563107,-90,-2.16291750355712
15.8456969053398,-95,-2.03400189076232
15.8556923543689,-111,-1.86211440703593
15.8656878033981,-124,-1.69022692330953
15.8756832524272,-136,-1.51833943958314
15.8856787014563,-148,-1.36077591283395
15.8956741504854,-115,-1.21753634306195
15.9056695995146,-51,-1.07429677328996
15.9156650485437,11,-0.916733246540764
15.9256604975728,55,-0.730521805837172
15.9356559466019,79,-0.529986408156379
15.9456513956311,90,-0.300803096521188
15.9556468446602,83,-0.0859437418631967
15.9656422936893,65,0.128915612794795
15.9756377427184,45,0.329451010475587
15.9856331917476,20,0.529986408156379
15.9956286407767,0,0.701873891882773
16.0056240898058,0,0.873761375609166
16.0156195388349,2,1.01700094538116
16.0256149878641,-1,1.14591655817596
16.0356104368932,0,1.24618425701635
16.0456058859223,13,1.33212799887955
16.0556013349514,21,1.38942382678835
16.0655967839806,25,1.41807174074275
16.0755922330097,33,1.41807174074275
16.0855876820388,51,1.40374778376555
16.095583131068,60,1.37509986981115
16.1055785800971,39,1.33212799887955
16.1155740291262,8,1.28915612794795
16.1255694781553,2,1.28915612794795
16.1355649271845,39,1.33212799887955
16.1455603762136,99,1.40374778376555
16.1555558252427,155,1.48969152562874
16.1655512742718,211,1.57563526749194
16.175546723301,281,1.63293109540074
16.1855421723301,337,1.66157900935514
16.1955376213592,343,1.64725505237794
16.2055330703883,272,1.60428318144634
16.2155285194175,177,1.56131131051474
16.2255239684466,102,1.58995922446914
16.2355194174757,102,1.60428318144634
16.2455148665049,2,1.69022692330953
16.255510315534,-103,1.76184670819553
16.2655057645631,-202,1.84779045005873
16.2755012135922,-204,1.93373419192193
16.2854966626214,-341,2.10562167564832
16.2954921116505,-400,2.30615707332911
16.3054875606796,-402,2.5066924710099
16.3154830097087,-421,2.72155182566789
16.3254784587379,-369,2.87911535241709
16.335473907767,-340,2.97938305125748
16.3454693567961,-337,3.10829866405228
16.3554648058252,-257,3.19424240591548
16.3654602548544,-109,3.19424240591548
16.3754557038835,-96,3.19424240591548
16.3854511529126,-93,3.20856636289268
16.3954466019417,-106,3.20856636289268
16.4054420509709,-105,3.23721427684707
16.4154375,-104,3.20856636289268
16.4254329490291,-120,3.19424240591548
16.4354283980582,-151,3.15127053498388
16.4454238470874,-178,3.07965075009788
16.4554192961165,-178,2.99370700823468
16.4654147451456,-155,2.89343930939429
16.4754101941748,-121,2.75019973962229
16.4854056432039,-78,2.6069601698503
16.495401092233,-37,2.44939664310111
16.5053965412621,-25,2.30615707332911
16.5153919902913,-33,2.16291750355712
16.5253874393204,-42,2.03400189076232
16.5353828883495,-38,1.90508627796753
16.5453783373786,-12,1.77617066517273
16.5553737864078,18,1.64725505237794
16.5653692354369,36,1.53266339656034
16.575364684466,49,1.41807174074275
16.5853601334951,60,1.30348008492515
16.5953555825243,53,1.18888842910755
16.6053510315534,38,1.05997281631276
16.6153464805825,30,0.931057203517964
16.6253419296116,32,0.816465547700368
16.6353373786408,29,0.701873891882773
16.6453328276699,15,0.601606193042377
16.655328276699,5,0.51566245117918
16.6653237257282,15,0.444042666293183
16.6753191747573,17,0.386746838384385
16.6853146237864,25,0.343774967452787
16.6953100728155,50,0.300803096521188
16.7053055218447,84,0.25783122558959
16.7153009708738,108,0.243507268612391
16.7252964199029,131,0.229183311635191
16.735291868932,143,0.214859354657992
16.7452873179612,145,0.171887483726393
16.7552827669903,139,0.128915612794795
16.7652782160194,129,0.100267698840396
16.7752736650485,97,0.0429718709315983
16.7852691140777,61,0.0
16.7952645631068,64,-0.0859437418631967
16.8052600121359,120,-0.171887483726393
16.815255461165,187,-0.272155182566789
16.8252509101942,240,-0.358098924429986
16.8352463592233,255,-0.415394752338784
16.8452418082524,158,-0.472690580247582
16.8552372572815,22,-0.529986408156379
16.8652327063107,-10,-0.587282236065177
16.8752281553398,-64,-0.630254106996776
16.8852236043689,-162,-0.673225977928374
16.8952190533981,-234,-0.75916971979157
16.9052145024272,-361,-0.931057203517964
16.9152099514563,-471,-1.17456447213035
16.9252054004854,-492,-1.46104361167434
16.9352008495146,-475,-1.76184670819553
16.9451962985437,-507,-1.99103001983072
16.9551917475728,-468,-2.13426958960272
16.9651871966019,-350,-2.17724146053432
16.9751826456311,-225,-2.13426958960272
16.9851780946602,-158,-2.03400189076232
16.9951735436893,-129,-1.90508627796753
17.0051689927184,-107,-1.76184670819553
17.0151644417476,-75,-1.61860713842354
17.0251598907767,-46,-1.47536756865154
17.0351553398058,-60,-1.33212799887955
17.0451507888349,-105,-1.23186030003915
17.0551462378641,-127,-1.13159260119876
17.0651416868932,-127,-1.03132490235836
17.0751371359223,-121,-0.931057203517964
17.0851325849515,-71,-0.75916971979157
17.0951280339806,-57,-0.544310365133579
17.1051234830097,-108,-0.286479139543989
17.1151189320388,-123,-0.0286479139543989
17.125114381068,-103,0.214859354657992
17.1351098300971,-79,0.458366623270382
17.1451052791262,-56,0.687549934905573
17.1551007281553,-23,0.916733246540764
17.1650961771845,16,1.14591655817596
17.1750916262136,44,1.38942382678835
17.1850870752427,62,1.61860713842354
17.1950825242718,63,1.83346649308153
17.205077973301,58,2.03400189076232
17.2150734223301,57,2.22021333146591
17.2250688713592,53,2.37777685821511
17.2350643203883,53,2.4923685140327
17.2450597694175,67,2.5639882989187
17.2550552184466,74,2.5926362128731
17.2650506674757,69,2.5783122558959
17.2750461165049,45,2.5496643419415
17.285041565534,32,2.5066924710099
17.2950370145631,24,2.43507268612391
17.3050324635922,14,2.32048103030631
17.3150279126214,-12,2.14859354657992
17.3250233616505,-38,1.97670606285352
17.3350188106796,-33,1.80481857912713
17.3450142597087,-15,1.64725505237794
17.3550097087379,-20,1.51833943958314
17.365005157767,-36,1.44671965469714
17.3750006067961,-33,1.44671965469714
17.3849960558252,13,1.48969152562874
17.3949915048544,92,1.51833943958314
17.4049869538835,189,1.56131131051474
17.4149824029126,280,1.57563526749194
17.4249778519417,347,1.58995922446914
17.4349733009709,383,1.57563526749194
17.44496875,371,1.53266339656034
17.4549641990291,312,1.50401548260594
17.4649596480582,218,1.50401548260594
17.4749550970874,89,1.54698735353754
17.4849505461165,-61,1.64725505237794
17.4949459951456,-195,1.80481857912713
17.5049414441748,-345,2.03400189076232
17.5149368932039,-483,2.32048103030631
17.524932342233,-576,2.6499320407819
17.5349277912621,-557,3.00803096521188
17.5449232402913,-461,3.30883406173307
17.5549186893204,-360,3.53801737336826
17.5649141383495,-274,3.68125694314026
17.5749095873786,-182,3.73855277104906
17.5849050364078,-91,3.72422881407186
17.5949004854369,-47,3.66693298616306
17.604895934466,-57,3.56666528732266
17.6148913834951,-119,3.48072154545947
17.6248868325243,-187,3.40910176057347
17.6348822815534,-210,3.35180593266467
17.6448777305825,-184,3.30883406173307
17.6548731796116,-152,3.23721427684707
17.6648686286408,-146,3.13694657800668
17.6748640776699,-159,2.99370700823468
17.684859526699,-153,2.82181952450829
17.6948549757282,-135,2.6069601698503
17.7048504247573,-106,2.34912894426071
17.7148458737864,-75,2.07697376169392
17.7248413228155,-47,1.80481857912713
17.7348367718447,-30,1.53266339656034
17.7448322208738,-25,1.28915612794795
17.7548276699029,-27,1.05997281631276
17.764823118932,-34,0.873761375609166
17.7748185679612,-30,0.687549934905573
17.7848140169903,-17,0.51566245117918
17.7948094660194,-1,0.358098924429986
17.8048049150485,22,0.214859354657992
17.8148003640777,40,0.0716197848859972
17.8247958131068,55,-0.0429718709315983
17.8347912621359,67,-0.143239569771994
17.844786711165,71,-0.243507268612391
17.8547821601942,65,-0.300803096521188
17.8647776092233,54,-0.358098924429986
17.8747730582524,43,-0.401070795361584
17.8847685072815,34,-0.444042666293183
17.8947639563107,27,-0.487014537224781
17.9047594053398,17,-0.529986408156379
17.9147548543689,5,-0.544310365133579
17.9247503033981,17,-0.558634322110778
17.9347457524272,54,-0.544310365133579
17.9447412014563,94,-0.51566245117918
17.9547366504854,96,-0.472690580247582
17.9647320995146,79,-0.444042666293183
17.9747275485437,71,-0.429718709315983
17.9847229975728,77,-0.444042666293183
17.9947184466019,112,-0.458366623270382
18.0047138956311,149,-0.487014537224781
18.0147093446602,170,-0.529986408156379
18.0247047936893,179,-0.587282236065177
18.0347002427184,180,-0.644578063973975
18.0446956917476,196,-0.701873891882773
18.0546911407767,205,-0.730521805837172
18.0646865898058,176,-0.78781763374597
18.0746820388349,97,-0.873761375609166
18.0846774878641,-1,-1.01700094538116
18.0946729368932,-118,-1.23186030003915
18.1046683859223,-254,-1.50401548260594
18.1146638349515,-381,-1.81914253610433
18.1246592839806,-475,-2.17724146053432
18.1346547330097,-518,-2.5496643419415
18.1446501820388,-489,-2.86479139543989
18.154645631068,-414,-3.12262262102948
18.1646410800971,-325,-3.29451010475587
18.1746365291262,-214,-3.38045384661907
18.1846319781553,-117,-3.36612988964187
18.1946274271845,-56,-3.29451010475587
18.2046228762136,-28,-3.16559449196108
18.2146183252427,-28,-3.02235492218908
18.2246137742718,-40,-2.85046743846269
18.234609223301,-72,-2.6929039117135
18.2446046723301,-110,-2.5496643419415
18.2546001213592,-121,-2.42074872914671
18.2645955703883,-134,-2.29183311635191
18.2745910194175,-138,-2.16291750355712
18.2845864684466,-113,-2.03400189076232
18.2945819174757,-93,-1.87643836401313
18.3045773665048,-86,-1.70455088028673
18.314572815534,-82,-1.51833943958314
18.3245682645631,-78,-1.30348008492515
18.3345637135922,-62,-1.10294468724436
18.3445591626214,-44,-0.902409289563565
18.3545546116505,-32,-0.701873891882773
18.3645500606796,-34,-0.529986408156379
18.3745455097087,-22,-0.358098924429986
18.3845409587379,9,-0.186211440703593
18.394536407767,50,0.0
18.4045318567961,74,0.200535397680792
18.4145273058252,85,0.415394752338784
18.4245227548544,79,0.630254106996776
18.4345182038835,71,0.816465547700368
18.4445136529126,80,0.974029074449562
18.4545091019417,86,1.10294468724436
18.4645045509709,85,1.21753634306195
18.4745,76,1.30348008492515
18.4844954490291,66,1.37509986981115
18.4944908980582,66,1.43239569771994
18.5044863470874,79,1.48969152562874
18.5144817961165,99,1.51833943958314
18.5244772451456,114,1.48969152562874
18.5344726941748,111,1.43239569771994
18.5444681432039,71,1.33212799887955
18.554463592233,42,1.21753634306195
18.5644590412621,22,1.08862073026716
18.5744544902913,-4,0.959705117472363
18.5844499393204,-43,0.873761375609166
18.5944453883495,-35,0.845113461654767
18.6044408373786,24,0.902409289563565
18.6144362864078,92,0.988353031426762
18.6244317354369,144,1.10294468724436
18.634427184466,209,1.23186030003915
18.6444226334951,281,1.34645195585675
18.6544180825243,317,1.44671965469714
18.6644135315534,300,1.53266339656034
18.6744089805825,241,1.60428318144634
18.6844044296116,146,1.67590296633234
18.6943998786408,-14,1.77617066517273
18.7043953276699,-190,1.93373419192193
18.714390776699,-297,2.16291750355712
18.7243862257282,-377,2.44939664310111
18.7343816747573,-378,2.79317161055389
18.7443771237864,-366,3.15127053498388
18.7543725728155,-366,3.43774967452787
18.7643680218447,-345,3.60963715825426
18.7743634708738,-293,3.68125694314026
18.7843589199029,-203,3.70990485709466
18.794354368932,-119,3.66693298616306
18.8043498179612,-87,3.62396111523146
18.8143452669903,-111,3.59531320127706
18.8243407160194,-151,3.60963715825426
18.8343361650485,-195,3.66693298616306
18.8443316140777,-215,3.73855277104906
18.8543270631068,-209,3.78152464198065
18.8643225121359,-190,3.79584859895785
18.874317961165,-176,3.78152464198065
18.8843134101942,-187,3.72422881407186
18.8943088592233,-198,3.65260902918586
18.9043043082524,-191,3.53801737336826
18.9142997572815,-162,3.42342571755067
18.9242952063107,-119,3.29451010475587
18.9342906553398,-75,3.15127053498388
18.9442861043689,-43,2.97938305125748
18.9542815533981,-29,2.82181952450829
18.9642770024272,-22,2.6642559977591
18.9742724514563,-17,2.5066924710099
18.9842679004854,-14,2.37777685821511
18.9942633495146,-24,2.24886124542031
19.0042587985437,-22,2.14859354657992
19.0142542475728,-20,2.01967793378512
19.0242496966019,-4,1.93373419192193
19.0342451456311,-1,1.84779045005873
19.0442405946602,1,1.76184670819553
19.0542360436893,1,1.66157900935514
19.0642314927184,1,1.57563526749194
19.0742269417476,5,1.50401548260594
19.0842223907767,4,1.41807174074275
19.0942178398058,18,1.33212799887955
19.1042132888349,38,1.27483217097075
19.1142087378641,74,1.21753634306195
19.1242041868932,72,1.16024051515316
19.1341996359223,65,1.11726864422156
19.1441950849515,58,1.11726864422156
19.1541905339806,83,1.11726864422156
19.1641859830097,80,1.11726864422156
19.1741814320388,91,1.11726864422156
19.184176881068,93,1.11726864422156
19.1941723300971,81,1.10294468724436
19.2041677791262,73,1.07429677328996
19.2141632281553,73,1.03132490235836
19.2241586771845,76,0.988353031426762
19.2341541262136,91,0.931057203517964
19.2441495752427,99,0.845113461654767
19.2541450242718,102,0.77349367676877
19.264140473301,120,0.673225977928374
19.2741359223301,140,0.572958279087978
19.2841313713592,159,0.458366623270382
19.2941268203883,153,0.343774967452787
19.3041222694175,99,0.200535397680792
19.3141177184466,32,0.0572958279087978
19.3241131674757,-16,-0.0859437418631967
19.3341086165048,-98,-0.272155182566789
19.344104065534,-238,-0.501338494201981
19.3540995145631,-329,-0.830789504677568
19.3640949635922,-375,-1.26050821399355
19.3740904126214,-465,-1.73319879424113
19.3840858616505,-527,-2.17724146053432
19.3940813106796,-497,-2.5066924710099
19.4040767597087,-400,-2.72155182566789
19.4140722087379,-288,-2.82181952450829
19.424067657767,-195,-2.86479139543989
19.4340631067961,-149,-2.85046743846269
19.4440585558252,-134,-2.79317161055389
19.4540540048544,-120,-2.73587578264509
19.4640494538835,-117,-2.6929039117135
19.4740449029126,-132,-2.6929039117135
19.4840403519417,-158,-2.72155182566789
19.4940358009709,-178,-2.77884765357669
22.5026659587379,253,1.10294468724436
22.512661407767,162,1.20321238608475
22.5226568567961,-11,1.33212799887955
22.5326523058252,-204,1.51833943958314
22.5426477548544,-342,1.80481857912713
22.5526432038835,-389,2.16291750355712
22.5626386529126,-389,2.5496643419415
22.5726341019417,-403,2.87911535241709
22.5826295509709,-416,3.12262262102948
22.592625,-373,3.29451010475587
22.6026204490291,-290,3.38045384661907
22.6126158980582,-208,3.40910176057347
22.6226113470874,-156,3.40910176057347
22.6326067961165,-133,3.39477780359627
22.6426022451456,-127,3.38045384661907
22.6525976941748,-116,3.39477780359627
22.6625931432039,-112,3.42342571755067
22.672588592233,-126,3.49504550243666
22.6825840412621,-153,3.58098924429986
22.6925794902913,-184,3.63828507220866
22.7025749393204,-209,3.65260902918586
22.7125703883495,-220,3.63828507220866
22.7225658373786,-204,3.59531320127706
22.7325612864078,-179,3.50936945941386
22.7425567354369,-163,3.39477780359627
22.752552184466,-153,3.23721427684707
22.7625476334951,-143,3.03667887916628
22.7725430825243,-119,2.80749556753109
22.7825385315534,-82,2.5783122558959
22.7925339805825,-35,2.33480498728351
22.8025294296116,7,2.11994563262552
22.8125248786408,38,1.91941023494473
22.8225203276699,52,1.73319879424113
22.832515776699,43,1.58995922446914
22.8425112257282,35,1.46104361167434
22.8525066747573,27,1.33212799887955
22.8625021237864,23,1.21753634306195
22.8724975728155,22,1.11726864422156
22.8824930218447,32,1.00267698840396
22.8924884708738,52,0.888085332586366
22.9024839199029,71,0.77349367676877
22.912479368932,96,0.658902020951174
22.9224748179612,111,0.529986408156379
22.9324702669903,112,0.401070795361584
22.9424657160194,93,0.272155182566789
22.9524611650485,72,0.143239569771994
22.9624566140777,66,0.0429718709315983
22.9724520631068,53,-0.0143239569771994
22.9824475121359,50,-0.0572958279087978
22.992442961165,55,-0.0859437418631967
23.0024384101942,61,-0.100267698840396
23.0124338592233,54,-0.100267698840396
23.0224293082524,36,-0.0859437418631967
23.0324247572815,22,-0.0716197848859972
23.0424202063107,33,-0.0716197848859972
23.0524156553398,63,-0.0859437418631967
23.0624111043689,100,-0.100267698840396
23.0724065533981,128,-0.128915612794795
23.0824020024272,135,-0.171887483726393
23.0923974514563,139,-0.229183311635191
23.1023929004854,152,-0.25783122558959
23.1123883495146,163,-0.272155182566789
23.1223837985437,148,-0.286479139543989
23.1323792475728,106,-0.315127053498388
23.1423746966019,40,-0.386746838384385
23.1523701456311,-45,-0.51566245117918
23.1623655946602,-150,-0.744845762814371
23.1723610436893,-252,-1.03132490235836
23.1823564927184,-337,-1.33212799887955
23.1923519417476,-404,-1.60428318144634
23.2023473907767,-426,-1.83346649308153
23.2123428398058,-382,-1.96238210587632
23.2223382888349,-310,-2.01967793378512
23.2323337378641,-228,-2.00535397680792
23.2423291868932,-155,-1.91941023494473
23.2523246359223,-97,-1.79049462214993
23.2623200849514,-62,-1.61860713842354
23.2723155339806,-61,-1.44671965469714
23.2823109830097,-96,-1.24618425701635
23.2923064320388,-152,-1.03132490235836
23.302301881068,-202,-0.816465547700368
23.3122973300971,-215,-0.601606193042377
23.3222927791262,-186,-0.401070795361584
23.3322882281553,-149,-0.229183311635191
23.3422836771845,-110,-0.0716197848859972
23.3522791262136,-71,0.0859437418631967
23.3622745752427,-53,0.25783122558959
23.3722700242718,-71,0.444042666293183
23.382265473301,-91,0.673225977928374
23.3922609223301,-78,0.916733246540764
23.4022563713592,-52,1.20321238608475
23.4122518203883,-37,1.48969152562874
23.4222472694175,-27,1.76184670819553
23.4322427184466,-25,2.01967793378512
23.4422381674757,-15,2.26318520239751
23.4522336165049,2,2.5066924710099
23.462229065534,12,2.72155182566789
23.4722245145631,18,2.92208722334869
23.4822199635922,27,3.12262262102948
23.4922154126214,39,3.32315801871027
23.5022108616505,38,3.48072154545947
23.5122063106796,26,3.60963715825426
23.5222017597087,14,3.72422881407186
23.5321972087379,24,3.81017255593505
23.542192657767,32,3.85314442686665
23.5521881067961,15,3.88179234082105
23.5621835558252,8,3.86746838384385
23.5721790048544,10,3.83882046988945
23.5821744538835,17,3.76720068500345
23.5921699029126,10,3.65260902918586
23.6021653519417,2,3.50936945941386
23.6121608009709,0,3.36612988964187
23.62215625,12,3.20856636289268
23.6321516990291,23,3.05100283614348
23.6421471480582,32,2.92208722334869
23.6521425970874,51,2.86479139543989
23.6621380461165,66,2.83614348148549
23.6721334951456,83,2.85046743846269
23.6821289441748,110,2.85046743846269
23.6921243932039,149,2.82181952450829
23.702119842233,212,2.73587578264509
23.7121152912621,279,2.5926362128731
23.7221107402913,313,2.40642477216951
23.7321061893204,295,2.20588937448871
23.7421016383495,208,2.00535397680792
23.7520970873786,57,1.84779045005873
23.7620925364078,-133,1.77617066517273
23.7720879854369,-438,1.86211440703593
23.782083434466,-714,2.09129771867112
23.7920788834951,-818,2.43507268612391
23.8020743325243,-702,2.80749556753109
23.8120697815534,-504,3.12262262102948
23.8220652305825,-336,3.39477780359627
23.8320606796116,-186,3.55234133034546
23.8420561286408,-72,3.59531320127706
23.8520515776699,13,3.55234133034546
23.862047026699,41,3.42342571755067
23.8720424757281,-10,3.26586219080147
23.8820379247573,-117,3.12262262102948
23.8920333737864,-197,3.05100283614348
23.9020288228155,-207,3.05100283614348
23.9120242718447,-162,3.03667887916628
23.9220197208738,-147,2.99370700823468
23.9320151699029,-160,2.89343930939429
23.942010618932,-146,2.72155182566789
23.9520060679612,-116,2.4780445570555
23.9620015169903,-91,2.19156541751152
23.9719969660194,-64,1.89076232099033
23.9819924150485,-40,1.61860713842354
23.9919878640777,-18,1.37509986981115
24.0019833131068,-14,1.18888842910755
24.0119787621359,-19,1.03132490235836
24.021974211165,-30,0.902409289563565
24.0319696601942,-35,0.802141590723169
24.0419651092233,-20,0.701873891882773
24.0519605582524,3,0.601606193042377
24.0619560072815,22,0.51566245117918
24.0719514563107,36,0.429718709315983
24.0819469053398,41,0.358098924429986
24.0919423543689,37,0.300803096521188
24.1019378033981,41,0.25783122558959
24.1119332524272,59,0.214859354657992
24.1219287014563,76,0.171887483726393
24.1319241504854,73,0.114591655817596
24.1419195995146,49,0.0429718709315983
24.1519150485437,14,-0.0286479139543989
24.1619104975728,-5,-0.114591655817596
24.1719059466019,9,-0.214859354657992
24.1819013956311,43,-0.286479139543989
24.1918968446602,75,-0.343774967452787
24.2018922936893,95,-0.386746838384385
24.2118877427184,107,-0.415394752338784
24.2218831917476,125,-0.444042666293183
24.2318786407767,147,-0.458366623270382
24.2418740898058,170,-0.501338494201981
24.2518695388349,193,-0.529986408156379
24.2618649878641,209,-0.558634322110778
24.2718604368932,209,-0.601606193042377
24.2818558859223,200,-0.630254106996776
24.2918513349515,168,-0.658902020951174
24.3018467839806,175,-0.658902020951174
24.3118422330097,178,-0.658902020951174
24.3218376820388,166,-0.644578063973975
24.331833131068,126,-0.701873891882773
24.3418285800971,31,-0.830789504677568
24.3518240291262,-68,-1.05997281631276
24.3618194781553,-228,-1.43239569771994
24.3718149271845,-390,-1.87643836401313
24.3818103762136,-519,-2.34912894426071
24.3918058252427,-514,-2.80749556753109
24.4018012742718,-528,-3.13694657800668
24.411796723301,-405,-3.32315801871027
24.4217921723301,-293,-3.40910176057347
24.4317876213592,-295,-3.50936945941386
24.4417830703883,-100,-3.40910176057347
24.4517785194175,-74,-3.26586219080147
24.4617739684466,-76,-3.07965075009788
24.4717694174757,-67,-2.89343930939429
24.4817648665048,-86,-2.7072278686907
24.491760315534,-148,-2.5926362128731
24.5017557645631,-145,-2.42074872914671
24.5117512135922,-176,-2.29183311635191
24.5217466626214,-194,-2.20588937448871
24.5317421116505,-140,-2.13426958960272
24.5417375606796,-142,-2.01967793378512
24.5517330097087,-114,-1.87643836401313
24.5617284587379,-99,-1.66157900935514
24.571723907767,-86,-1.38942382678835
24.5817193567961,-61,-1.10294468724436
24.5917148058252,-18,-0.816465547700368
24.6017102548544,14,-0.558634322110778
24.6117057038835,24,-0.300803096521188
24.6217011529126,23,-0.0716197848859972
24.6316966019417,26,0.128915612794795
24.6416920509709,32,0.343774967452787
24.6516875,38,0.572958279087978
24.6616829490291,39,0.816465547700368
24.6716783980582,39,1.05997281631276
24.6816738470874,48,1.28915612794795
24.6916692961165,59,1.48969152562874
24.7016647451456,63,1.67590296633234
24.7116601941747,55,1.83346649308153
24.7216556432039,56,1.96238210587632
24.731651092233,69,2.06264980471672
24.7416465412621,78,2.13426958960272
24.7516419902913,63,2.16291750355712
24.7616374393204,29,2.16291750355712
24.7716328883495,-7,2.13426958960272
24.7816283373786,-41,2.10562167564832
24.7916237864078,-56,2.04832584773952
24.8016192354369,-64,1.97670606285352
24.811614684466,-19,1.93373419192193
24.8216101334951,32,1.90508627796753
24.8316055825243,62,1.91941023494473
24.8416010315534,89,1.97670606285352
24.8515964805825,121,2.09129771867112
24.8615919296116,147,2.24886124542031
24.8715873786408,169,2.42074872914671
24.8815828276699,190,2.5496643419415
24.891578276699,216,2.6356080838047
24.9015737257282,244,2.6785799547363
24.9115691747573,210,2.6929039117135
24.9215646237864,125,2.72155182566789
24.9315600728155,-10,2.80749556753109
24.9415555218447,-160,3.02235492218908
24.9515509708738,-260,3.36612988964187
24.9615464199029,-298,3.76720068500345
24.971541868932,-319,4.15394752338784
24.9815373179612,-322,4.46907457688623
24.9915327669903,-291,4.68393393154422
25.0015282160194,-233,4.81284954433901
25.0115236650485,-186,4.87014537224781
25.0215191140777,-148,4.91311724317941
25.0315145631068,-110,4.92744120015661
25.0415100121359,-94,4.95608911411101
25.051505461165,-106,4.98473702806541
25.0615009101942,-141,5.027708898997
25.0714963592233,-189,5.0850047269058
25.0814918082524,-210,5.1279765978374
25.0914872572816,-223,5.1279765978374
25.1014827063107,-202,5.099328683883
25.1114781553398,-147,5.01338494201981
25.1214736043689,-99,4.88446932922501
25.1314690533981,-83,4.71258184549862
25.1414645024272,-82,4.48339853386343
25.1514599514563,-80,4.22556730827384
25.1614554004854,-58,3.93908816872985
25.1714508495146,-9,3.63828507220866
25.1814462985437,31,3.32315801871027
25.1914417475728,54,3.05100283614348
25.2014371966019,71,2.80749556753109
25.2114326456311,68,2.5783122558959
25.2214280946602,53,2.37777685821511
25.2314235436893,39,2.19156541751152
25.2414189927184,38,2.03400189076232
25.2514144417476,41,1.90508627796753
25.2614098907767,41,1.79049462214993
25.2714053398058,48,1.69022692330953
25.2814007888349,62,1.58995922446914
25.2913962378641,67,1.50401548260594
25.3013916868932,69,1.41807174074275
25.3113871359223,81,1.33212799887955
25.3213825849515,91,1.26050821399355
25.3313780339806,82,1.18888842910755
25.3413734830097,66,1.13159260119876
25.3513689320388,49,1.08862073026716
25.361364381068,31,1.08862073026716
25.3713598300971,25,1.13159260119876
25.3813552791262,24,1.20321238608475
25.3913507281553,24,1.30348008492515
25.4013461771845,47,1.41807174074275
25.4113416262136,100,1.51833943958314
25.4213370752427,162,1.58995922446914
25.4313325242718,190,1.60428318144634
25.441327973301,206,1.53266339656034
25.4513234223301,185,1.37509986981115
25.4613188713592,128,1.17456447213035
25.4713143203883,74,0.974029074449562
25.4813097694175,51,0.78781763374597
25.4913052184466,67,0.658902020951174
25.5013006674757,93,0.51566245117918
25.5112961165048,87,0.358098924429986
25.521291565534,13,0.143239569771994
25.5312870145631,-86,-0.171887483726393
25.5412824635922,-197,-0.630254106996776
25.5512779126214,-342,-1.21753634306195
25.5612733616505,-492,-1.86211440703593
25.5712688106796,-570,-2.5353403849643
25.5812642597087,-602,-3.12262262102948
25.5912597087379,-534,-3.58098924429986
25.601255157767,-368,-3.85314442686665
25.6112506067961,-181,-3.96773608268425
25.6212460558252,-56,-3.96773608268425
25.6312415048544,1,-3.88179234082105
25.6412369538835,1,-3.72422881407186
25.6512324029126,-16,-3.58098924429986
25.6612278519417,-59,-3.42342571755067
25.6712233009709,-106,-3.29451010475587
25.68121875,-133,-3.19424240591548
25.6912141990291,-160,-3.09397470707508
25.7012096480582,-200,-2.96505909428028
25.7112050970874,-210,-2.82181952450829
25.7212005461165,-167,-2.6642559977591
25.7311959951456,-124,-2.4780445570555
25.7411914441748,-92,-2.26318520239751
25.7511868932039,-60,-2.01967793378512
25.761182342233,-28,-1.76184670819553
25.7711777912621,-1,-1.50401548260594
25.7811732402913,18,-1.26050821399355
25.7911686893204,34,-1.00267698840396
25.8011641383495,49,-0.78781763374597
25.8111595873786,60,-0.572958279087978
25.8211550364078,59,-0.386746838384385
25.8311504854369,55,-0.200535397680792
25.841145934466,55,0.0
25.8511413834951,54,0.171887483726393
25.8611368325243,51,0.358098924429986
25.8711322815534,47,0.51566245117918
25.8811277305825,53,0.644578063973975
25.8911231796116,60,0.75916971979157
25.9011186286408,70,0.816465547700368
25.9111140776699,76,0.873761375609166
25.921109526699,79,0.888085332586366
25.9311049757282,85,0.873761375609166
25.9411004247573,82,0.830789504677568
25.9510958737864,71,0.716197848859972
25.9610913228155,60,0.558634322110778
25.9710867718447,51,0.358098924429986
25.9810822208738,26,0.171887483726393
25.9910776699029,-2,0.0
26.001073118932,-36,-0.114591655817596
26.0110685679612,-51,-0.143239569771994
26.0210640169903,-19,-0.0716197848859972
26.0310594660194,50,0.0429718709315983
26.0410549150485,125,0.214859354657992
26.0510503640777,170,0.386746838384385
26.0610458131068,199,0.558634322110778
26.0710412621359,230,0.687549934905573
26.081036711165,243,0.802141590723169
26.0910321601942,214,0.902409289563565
26.1010276092233,153,1.03132490235836
26.1110230582524,68,1.20321238608475
26.1210185072815,-22,1.41807174074275
26.1310139563107,-115,1.67590296633234
26.1410094053398,-210,1.96238210587632
26.1510048543689,-288,2.29183311635191
26.1610003033981,-343,2.6212841268275
26.1709957524272,-372,2.93641118032589
26.1809912014563,-386,3.20856636289268
26.1909866504854,-368,3.45207363150507
26.2009820995146,-322,3.65260902918586
26.2109775485437,-270,3.82449651291225
26.2209729975728,-210,3.96773608268425
26.2309684466019,-143,4.06800378152464
26.2409638956311,-94,4.15394752338784
26.2509593446602,-100,4.19691939431944
26.2609547936893,-147,4.22556730827384
26.2709502427184,-158,4.23989126525103
26.2809456917476,-134,4.23989126525103
26.2909411407767,-113,4.19691939431944
26.3009365898058,-104,4.11097565245624
26.3109320388349,-123,4.01070795361585
26.3209274878641,-140,3.86746838384385
26.3309229368932,-140,3.70990485709466
26.3409183859223,-134,3.50936945941386
26.3509138349515,-117,3.26586219080147
26.3609092839806,-83,3.00803096521188
26.3709047330097,-50,2.75019973962229
26.3809001820388,-18,2.4923685140327
26.390895631068,-4,2.26318520239751
26.4008910800971,9,2.06264980471672
26.4108865291262,18,1.90508627796753
26.4208819781553,21,1.74752275121833
26.4308774271845,23,1.61860713842354
26.4408728762136,25,1.51833943958314
26.4508683252427,30,1.43239569771994
26.4608637742718,41,1.36077591283395
26.470859223301,48,1.31780404190235
26.4808546723301,60,1.27483217097075
26.4908501213592,74,1.24618425701635
29.009703276699,256,-1.56131131051474
29.0196987257281,232,-1.61860713842354
29.0296941747573,142,-1.64725505237794
29.0396896237864,-1,-1.69022692330953
29.0496850728155,-168,-1.74752275121833
29.0596805218447,-336,-1.90508627796753
29.0696759708738,-497,-2.19156541751152
29.0796714199029,-596,-2.6499320407819
29.089666868932,-698,-3.25153823382427
29.0996623179612,-733,-3.85314442686665
29.1096577669903,-640,-4.32583500711423
29.1196532160194,-419,-4.64096206061262
29.1296486650485,-216,-4.76987767340742
29.1396441140777,-98,-4.75555371643022
29.1496395631068,-22,-4.62663810363542
29.1596350121359,-6,-4.42610270595463
29.169630461165,-29,-4.21124335129664
29.1796259101942,-55,-4.01070795361585
29.1896213592233,-82,-3.82449651291225
29.1996168082524,-114,-3.66693298616306
29.2096122572815,-163,-3.53801737336826
29.2196077063107,-205,-3.43774967452787
29.2296031553398,-196,-3.33748197568747
29.2395986043689,-139,-3.20856636289268
29.2495940533981,-79,-3.03667887916628
29.2595895024272,-41,-2.80749556753109
29.2695849514563,-29,-2.5210164279871
29.2795804004854,-29,-2.22021333146591
29.2895758495146,-51,-1.93373419192193
29.2995712985437,-82,-1.67590296633234
29.3095667475728,-103,-1.43239569771994
29.3195621966019,-94,-1.21753634306195
29.3295576456311,-56,-1.01700094538116
29.3395530946602,0,-0.816465547700368
29.3495485436893,55,-0.601606193042377
29.3595439927184,91,-0.386746838384385
29.3695394417476,103,-0.186211440703593
29.3795348907767,114,-0.0286479139543989
29.3895303398058,117,0.100267698840396
29.3995257888349,101,0.186211440703593
29.4095212378641,84,0.229183311635191
29.4195166868932,46,0.243507268612391
29.4295121359223,-7,0.229183311635191
29.4395075849515,-32,0.200535397680792
29.4495030339806,-35,0.143239569771994
29.4594984830097,-29,0.0429718709315983
29.4694939320388,17,-0.0859437418631967
29.479489381068,85,-0.243507268612391
29.4894848300971,102,-0.372422881407186
29.4994802791262,96,-0.401070795361584
29.5094757281553,114,-0.300803096521188
29.5194711771845,124,-0.100267698840396
29.5294666262136,120,0.128915612794795
29.5394620752427,156,0.372422881407186
29.5494575242718,229,0.587282236065177
29.559452973301,227,0.75916971979157
29.5694484223301,107,0.888085332586366
29.5794438713592,-57,1.00267698840396
29.5894393203883,-231,1.21753634306195
29.5994347694175,-371,1.53266339656034
29.6094302184466,-455,1.90508627796753
29.6194256674757,-471,2.33480498728351
29.6294211165048,-447,2.76452369659949
29.639416565534,-383,3.12262262102948
29.6494120145631,-287,3.38045384661907
29.6594074635922,-170,3.55234133034546
29.6694029126214,-74,3.65260902918586
29.6793983616505,-32,3.69558090011746
29.6893938106796,-47,3.69558090011746
29.6993892597087,-88,3.69558090011746
29.7093847087379,-131,3.69558090011746
29.719380157767,-149,3.72422881407186
29.7293756067961,-147,3.72422881407186
29.7393710558252,-166,3.68125694314026
29.7493665048544,-200,3.56666528732266
29.7593619538835,-213,3.40910176057347
29.7693574029126,-200,3.19424240591548
29.7793528519417,-172,2.96505909428028
29.7893483009709,-133,2.6929039117135
29.79934375,-89,2.42074872914671
29.8093391990291,-90,2.17724146053432
29.8193346480583,-22,1.87643836401313
29.8293300970874,0,1.63293109540074
29.8393255461165,-2,1.41807174074275
29.8493209951456,0,1.20321238608475
29.8593164441748,-15,1.04564885933556
29.8693118932039,-11,0.888085332586366
29.879307342233,-8,0.730521805837172
29.8893027912621,5,0.572958279087978
29.8992982402913,42,0.429718709315983
29.9092936893204,63,0.300803096521188
29.9192891383495,63,0.157563526749194
29.9292845873786,74,0.0429718709315983
29.9392800364078,84,-0.0143239569771994
29.9492754854369,82,-0.114591655817596
29.959270934466,72,-0.200535397680792
29.9692663834951,60,-0.25783122558959
29.9792618325243,48,-0.300803096521188
29.9892572815534,41,-0.329451010475587
29.9992527305825,35,-0.329451010475587
30.0092481796116,40,-0.315127053498388
30.0192436286408,51,-0.272155182566789
30.0292390776699,67,-0.214859354657992
30.039234526699,88,-0.143239569771994
30.0492299757281,104,-0.0716197848859972
30.0592254247573,118,-0.0143239569771994
30.0692208737864,136,0.0
30.0792163228155,145,-0.0429718709315983
30.0892117718447,136,-0.114591655817596
30.0992072208738,122,-0.229183311635191
30.1092026699029,113,-0.315127053498388
30.119198118932,94,-0.358098924429986
30.1291935679612,62,-0.372422881407186
30.1391890169903,21,-0.401070795361584
30.1491844660194,-40,-0.458366623270382
30.1591799150485,-139,-0.572958279087978
30.1691753640777,-313,-0.830789504677568
30.1791708131068,-523,-1.21753634306195
30.1891662621359,-662,-1.67590296633234
30.199161711165,-699,-2.17724146053432
30.2091571601942,-640,-2.6356080838047
30.2191526092233,-463,-2.99370700823468
30.2291480582524,-255,-3.20856636289268
30.2391435072815,-104,-3.29451010475587
30.2491389563107,3,-3.26586219080147
30.2591344053398,32,-3.13694657800668
30.2691298543689,5,-2.97938305125748
30.2791253033981,-25,-2.82181952450829
30.2891207524272,-53,-2.6929039117135
30.2991162014563,-97,-2.5926362128731
30.3091116504854,-150,-2.5066924710099
30.3191070995146,-188,-2.42074872914671
30.3291025485437,-212,-2.32048103030631
30.3390979975728,-226,-2.20588937448871
30.3490934466019,-217,-2.03400189076232
30.3590888956311,-177,-1.79049462214993
30.3690843446602,-129,-1.51833943958314
30.3790797936893,-92,-1.23186030003915
30.3890752427184,-55,-0.931057203517964
30.3990706917476,-32,-0.658902020951174
30.4090661407767,-20,-0.415394752338784
30.4190615898058,-11,-0.200535397680792
30.4290570388349,3,-0.0143239569771994
30.4390524878641,11,0.157563526749194
30.4490479368932,19,0.315127053498388
30.4590433859223,33,0.487014537224781
30.4690388349515,48,0.658902020951174
30.4790342839806,69,0.830789504677568
30.4890297330097,87,0.974029074449562
30.4990251820388,95,1.10294468724436
30.509020631068,99,1.20321238608475
30.5190160800971,102,1.26050821399355
30.5290115291262,94,1.27483217097075
30.5390069781553,82,1.27483217097075
30.5490024271845,61,1.24618425701635
30.5589978762136,28,1.18888842910755
30.5689933252427,-33,1.10294468724436
30.5789887742718,-74,1.01700094538116
30.588984223301,-31,0.931057203517964
30.5989796723301,36,0.845113461654767
30.6089751213592,68,0.75916971979157
30.6189705703883,93,0.730521805837172
30.6289660194175,130,0.78781763374597
30.6389614684466,167,0.945381160495163
30.6489569174757,195,1.11726864422156
30.6589523665049,213,1.27483217097075
30.668947815534,254,1.38942382678835
30.6789432645631,293,1.46104361167434
30.6889387135922,289,1.47536756865154
30.6989341626214,252,1.44671965469714
30.7089296116505,171,1.44671965469714
30.7189250606796,38,1.50401548260594
30.7289205097087,-121,1.69022692330953
30.7389159587379,-262,2.01967793378512
30.748911407767,-404,2.40642477216951
30.7589068567961,-558,2.87911535241709
30.7689023058252,-622,3.32315801871027
30.7788977548544,-583,3.68125694314026
30.7888932038835,-467,3.89611629779825
30.7988886529126,-311,4.02503191059304
30.8088841019417,-170,4.05367982454744
30.8188795509709,-76,4.03935586757024
30.828875,-11,3.98206003966145
30.8388704490291,14,3.91044025477545
30.8488658980582,-14,3.86746838384385
30.8588613470874,-88,3.85314442686665
30.8688567961165,-157,3.85314442686665
30.8788522451456,-197,3.82449651291225
30.8888476941748,-209,3.75287672802625
30.8988431432039,-205,3.62396111523146
30.908838592233,-203,3.45207363150507
30.9188340412621,-196,3.23721427684707
30.9288294902913,-168,2.99370700823468
30.9388249393204,-122,2.7072278686907
30.9488203883495,-62,2.39210081519231
30.9588158373786,-7,2.07697376169392
30.9688112864078,26,1.76184670819553
30.9788067354369,46,1.46104361167434
30.988802184466,55,1.21753634306195
30.9987976334951,56,0.988353031426762
31.0087930825243,48,0.78781763374597
31.0187885315534,38,0.630254106996776
31.0287839805825,36,0.472690580247582
31.0387794296116,40,0.343774967452787
31.0487748786408,50,0.229183311635191
31.0587703276699,58,0.114591655817596
31.068765776699,70,0.0143239569771994
31.0787612257282,80,-0.0572958279087978
31.0887566747573,88,-0.157563526749194
31.0987521237864,84,-0.243507268612391
31.1087475728155,73,-0.329451010475587
31.1187430218447,69,-0.415394752338784
31.1287384708738,59,-0.501338494201981
31.1387339199029,38,-0.587282236065177
31.148729368932,35,-0.644578063973975
31.1587248179612,50,-0.658902020951174
31.1687202669903,73,-0.658902020951174
31.1787157160194,88,-0.644578063973975
31.1887111650485,85,-0.615930150019576
31.1987066140777,91,-0.615930150019576
31.2087020631068,102,-0.644578063973975
31.2186975121359,119,-0.701873891882773
31.228692961165,141,-0.77349367676877
31.2386884101942,151,-0.845113461654767
31.2486838592233,145,-0.931057203517964
31.2586793082524,135,-0.974029074449562
31.2686747572815,128,-0.988353031426762
31.2786702063107,133,-0.974029074449562
31.2886656553398,130,-0.959705117472363
31.2986611043689,68,-0.959705117472363
31.308656553398,-47,-1.04564885933556
31.3186520024272,-176,-1.20321238608475
31.3286474514563,-300,-1.48969152562874
31.3386429004854,-480,-1.94805814889912
31.3486383495146,-672,-2.5210164279871
31.3586337985437,-802,-3.09397470707508
31.3686292475728,-821,-3.60963715825426
31.3786246966019,-696,-3.96773608268425
31.3886201456311,-451,-4.16827148036504
31.3986155946602,-196,-4.23989126525103
31.4086110436893,-33,-4.21124335129664
31.4186064927184,28,-4.09665169547904
31.4286019417476,49,-3.93908816872985
31.4385973907767,65,-3.78152464198065
31.4485928398058,76,-3.62396111523146
31.4585882888349,51,-3.49504550243666
31.4685837378641,-19,-3.38045384661907
31.4785791868932,-113,-3.28018614777867
31.4885746359223,-191,-3.16559449196108
31.4985700849515,-234,-3.05100283614348
31.5085655339806,-245,-2.89343930939429
31.5185609830097,-228,-2.6785799547363
31.5285564320388,-191,-2.42074872914671
31.538551881068,-144,-2.13426958960272
31.5485473300971,-98,-1.83346649308153
31.5585427791262,-65,-1.54698735353754
31.5685382281553,-47,-1.28915612794795
31.5785336771845,-39,-1.05997281631276
31.5885291262136,-23,-0.873761375609166
31.5985245752427,1,-0.701873891882773
31.6085200242718,28,-0.558634322110778
31.618515473301,38,-0.401070795361584
31.6285109223301,50,-0.25783122558959
31.6385063713592,63,-0.114591655817596
31.6485018203883,76,0.0
31.6584972694175,85,0.100267698840396
31.6684927184466,100,0.171887483726393
31.6784881674757,110,0.229183311635191
31.6884836165048,114,0.243507268612391
31.698479065534,105,0.243507268612391
31.7084745145631,96,0.214859354657992
31.7184699635922,78,0.157563526749194
31.7284654126214,51,0.0716197848859972
31.7384608616505,22,-0.0286479139543989
31.7484563106796,14,-0.157563526749194
31.7584517597087,0,-0.286479139543989
31.7684472087379,-35,-0.372422881407186
31.778442657767,-53,-0.415394752338784
31.7884381067961,-17,-0.386746838384385
31.7984335558252,52,-0.272155182566789
31.8084290048544,127,-0.128915612794795
31.8184244538835,172,0.0429718709315983
31.8284199029126,208,0.200535397680792
31.8384153519417,258,0.343774967452787
31.8484108009709,317,0.429718709315983
31.85840625,374,0.444042666293183
31.8684016990291,383,0.444042666293183
31.8783971480582,309,0.444042666293183
31.8883925970874,177,0.487014537224781
31.8983880461165,33,0.601606193042377
31.9083834951456,-80,0.77349367676877
31.9183789441748,-167,0.974029074449562
31.9283743932039,-279,1.23186030003915
31.938369842233,-390,1.54698735353754
31.9483652912621,-502,1.87643836401313
31.9583607402913,-558,2.22021333146591
31.9683561893204,-527,2.5066924710099
31.9783516383495,-474,2.73587578264509
31.9883470873786,-438,2.92208722334869
31.9983425364078,-368,3.09397470707508
32.0083379854369,-246,3.23721427684707
32.018333434466,-144,3.36612988964187
32.0283288834951,-93,3.49504550243666
32.0383243325243,-75,3.59531320127706
32.0483197815534,-96,3.66693298616306
32.0583152305825,-135,3.70990485709466
32.0683106796116,-166,3.70990485709466
32.0783061286408,-181,3.68125694314026
32.0883015776699,-187,3.62396111523146
32.098297026699,-206,3.50936945941386
32.1082924757282,-222,3.38045384661907
32.1182879247573,-205,3.23721427684707
32.1282833737864,-162,3.05100283614348
32.1382788228155,-114,2.86479139543989
32.1482742718447,-69,2.6499320407819
32.1582697208738,-32,2.44939664310111
32.1682651699029,-17,2.23453728844311
32.178260618932,-18,2.04832584773952
32.1882560679612,-25,1.86211440703593
32.1982515169903,-34,1.71887483726393
32.2082469660194,-39,1.60428318144634
32.2182424150485,-34,1.51833943958314
32.2282378640777,-22,1.46104361167434
32.2382333131068,-18,1.43239569771994
32.2482287621359,-17,1.41807174074275
32.258224211165,-12,1.41807174074275
32.2682196601942,-10,1.43239569771994
32.2782151092233,-9,1.44671965469714
32.2882105582524,-3,1.46104361167434
32.2982060072815,-3,1.48969152562874
32.3082014563107,-13,1.53266339656034
32.3181969053398,-2,1.57563526749194
32.3281923543689,8,1.61860713842354
32.3381878033981,14,1.67590296633234
32.3481832524272,20,1.71887483726393
32.3581787014563,11,1.77617066517273
32.3681741504854,-2,1.83346649308153
32.3781695995146,5,1.87643836401313
32.3881650485437,29,1.90508627796753
32.3981604975728,75,1.90508627796753
32.4081559466019,97,1.87643836401313
32.4181513956311,87,1.81914253610433
32.4281468446602,86,1.74752275121833
32.4381422936893,93,1.69022692330953
32.4481377427184,86,1.66157900935514
32.4581331917476,62,1.63293109540074
32.4681286407767,48,1.64725505237794
32.4781240898058,49,1.66157900935514
32.488119538835,51,1.70455088028673
32.4981149878641,34,1.71887483726393
32.5081104368932,45,1.71887483726393
32.5181058859223,46,1.71887483726393
32.5281013349515,79,1.70455088028673
32.5380967839806,110,1.67590296633234
32.5480922330097,131,1.66157900935514
32.5580876820388,131,1.64725505237794
32.568083131068,170,1.60428318144634
32.5780785800971,195,1.56131131051474
32.5880740291262,194,1.53266339656034
32.5980694781553,211,1.47536756865154
32.6080649271845,235,1.38942382678835
32.6180603762136,232,1.28915612794795
32.6280558252427,230,1.21753634306195
32.6380512742718,254,1.13159260119876
32.648046723301,261,1.00267698840396
32.6580421723301,256,0.873761375609166
32.6680376213592,222,0.744845762814371
32.6780330703883,164,0.615930150019576
32.6880285194175,-85,0.386746838384385
32.6980239684466,-82,0.114591655817596
32.7080194174757,-281,-0.128915612794795
32.7180148665048,-477,-0.544310365133579
32.728010315534,-606,-1.23186030003915
32.7380057645631,-755,-2.03400189076232
32.7480012135922,-754,-2.73587578264509
32.7579966626214,-537,-3.29451010475587
32.7679921116505,-323,-3.70990485709466
32.7779875606796,-208,-4.02503191059304
32.7879830097087,-215,-4.28286313618263
32.7979784587379,-281,-4.54069436177222
32.807973907767,-303,-4.75555371643022
32.8179693567961,-297,-4.91311724317941
32.8279648058252,-281,-4.97041307108821
32.8379602548544,-291,-4.91311724317941
32.8479557038835,-300,-4.79852558736181
32.8579511529126,-281,-4.66960997456702
32.8679466019417,-270,-4.51204644781783
32.8779420509709,-285,-4.35448292106863
32.8879375,-334,-4.18259543734224
32.8979329490291,-388,-3.98206003966145
32.9079283980582,-414,-3.73855277104906
32.9179238470874,-413,-3.43774967452787
32.9279192961165,-389,-3.09397470707508
32.9379147451456,-348,-2.72155182566789
32.9479101941747,-301,-2.36345290123791
32.9579056432039,-249,-2.03400189076232
32.967901092233,-225,-1.76184670819553
32.9778965412621,-206,-1.54698735353754
32.9878919902913,-138,-1.41807174074275
32.9978874393204,-48,-1.36077591283395
35.0069726941748,328,1.69022692330953
35.0169681432039,342,1.76184670819553
35.026963592233,216,1.77617066517273
35.0369590412621,47,1.77617066517273
35.0469544902913,-103,1.83346649308153
35.0569499393204,-193,1.96238210587632
35.0669453883495,-254,2.16291750355712
35.0769408373786,-340,2.37777685821511
35.0869362864078,-397,2.6499320407819
35.0969317354369,-430,2.92208722334869
35.106927184466,-456,3.15127053498388
35.1169226334951,-432,3.28018614777867
35.1269180825243,-339,3.33748197568747
35.1369135315534,-217,3.32315801871027
35.1469089805825,-132,3.26586219080147
35.1569044296116,-94,3.20856636289268
35.1668998786408,-98,3.15127053498388
35.1768953276699,-118,3.12262262102948
35.186890776699,-124,3.10829866405228
35.1968862257281,-148,3.05100283614348
35.2068816747573,-182,2.97938305125748
35.2168771237864,-181,2.87911535241709
35.2268725728155,-182,2.76452369659949
35.2368680218447,-80,2.6356080838047
35.2468634708738,-39,2.4780445570555
35.2568589199029,-42,2.34912894426071
35.266854368932,-10,2.16291750355712
35.2768498179612,25,1.93373419192193
35.2868452669903,5,1.73319879424113
35.2968407160194,5,1.57563526749194
35.3068361650485,-24,1.37509986981115
35.3168316140777,-52,1.21753634306195
35.3268270631068,-22,1.07429677328996
35.3368225121359,-23,0.945381160495163
35.346817961165,22,0.802141590723169
35.3568134101942,103,0.673225977928374
35.3668088592233,103,0.51566245117918
35.3768043082524,120,0.386746838384385
35.3867997572816,120,0.243507268612391
35.3967952063107,73,0.171887483726393
35.4067906553398,73,0.0572958279087978
35.4167861043689,20,0.0
35.4267815533981,-17,-0.0716197848859972
35.4367770024272,-42,-0.143239569771994
35.4467724514563,-48,-0.186211440703593
35.4567679004854,-30,-0.200535397680792
35.4667633495146,15,-0.186211440703593
35.4767587985437,59,-0.157563526749194
35.4867542475728,88,-0.0859437418631967
35.4967496966019,131,-0.0143239569771994
35.5067451456311,177,0.0429718709315983
35.5167405946602,191,0.0429718709315983
35.5267360436893,189,-0.0286479139543989
35.5367314927184,199,-0.186211440703593
35.5467269417476,204,-0.386746838384385
35.5567223907767,206,-0.601606193042377
35.5667178398058,183,-0.816465547700368
35.5767132888349,108,-1.03132490235836
35.5867087378641,-11,-1.26050821399355
35.5967041868932,-175,-1.46104361167434
35.6066996359223,-329,-1.67590296633234
35.6166950849514,-505,-1.94805814889912
35.6266905339806,-627,-2.30615707332911
35.6366859830097,-645,-2.6356080838047
35.6466814320388,-557,-2.90776326637149
35.656676881068,-404,-3.07965075009788
35.6666723300971,-216,-3.15127053498388
35.6766677791262,-55,-3.12262262102948
35.6866632281553,51,-3.00803096521188
35.6966586771845,98,-2.82181952450829
35.7066541262136,83,-2.5783122558959
35.7166495752427,3,-2.32048103030631
35.7266450242718,-93,-2.10562167564832
35.736640473301,-161,-1.94805814889912
35.7466359223301,-191,-1.84779045005873
35.7566313713592,-196,-1.77617066517273
35.7666268203883,-183,-1.70455088028673
35.7766222694175,-167,-1.58995922446914
35.7866177184466,-151,-1.43239569771994
35.7966131674757,-113,-1.23186030003915
35.8066086165048,-78,-0.974029074449562
35.816604065534,-41,-0.687549934905573
35.8265995145631,-1,-0.415394752338784
35.8365949635922,27,-0.143239569771994
35.8465904126214,41,0.100267698840396
35.8565858616505,44,0.329451010475587
35.8665813106796,45,0.558634322110778
35.8765767597087,40,0.75916971979157
35.8865722087379,32,0.945381160495163
35.896567657767,27,1.10294468724436
35.9065631067961,28,1.24618425701635
35.9165585558252,33,1.34645195585675
35.9265540048544,38,1.43239569771994
35.9365494538835,46,1.50401548260594
35.9465449029126,47,1.53266339656034
35.9565403519417,33,1.53266339656034
35.9665358009709,31,1.50401548260594
35.97653125,35,1.46104361167434
35.9865266990291,9,1.38942382678835
35.9965221480583,-30,1.28915612794795
36.0065175970874,-13,1.17456447213035
36.0165130461165,54,1.03132490235836
36.0265084951456,133,0.902409289563565
36.0365039441748,175,0.802141590723169
36.0464993932039,191,0.845113461654767
36.056494842233,238,1.00267698840396
36.0664902912621,267,1.21753634306195
36.0764857402913,254,1.44671965469714
36.0864811893204,269,1.61860713842354
36.0964766383495,304,1.71887483726393
36.1064720873786,307,1.71887483726393
36.1164675364078,254,1.63293109540074
36.1264629854369,125,1.50401548260594
36.136458434466,-105,1.36077591283395
36.1464538834951,-362,1.33212799887955
36.1564493325243,-571,1.47536756865154
36.1664447815534,-636,1.76184670819553
36.1764402305825,-630,2.20588937448871
36.1864356796116,-598,2.6642559977591
36.1964311286408,-524,3.02235492218908
36.2064265776699,-418,3.22289031986988
36.216422026699,-296,3.30883406173307
36.2264174757282,-171,3.28018614777867
36.2364129247573,-110,3.20856636289268
36.2464083737864,-116,3.16559449196108
36.2564038228155,-123,3.19424240591548
36.2663992718447,-116,3.26586219080147
36.2763947208738,-115,3.33748197568747
36.2863901699029,-134,3.35180593266467
36.296385618932,-173,3.29451010475587
36.3063810679612,-196,3.19424240591548
36.3163765169903,-187,3.03667887916628
36.3263719660194,-158,2.86479139543989
36.3363674150485,-121,2.6785799547363
36.3463628640777,-96,2.4637206000783
36.3563583131068,-74,2.24886124542031
36.3663537621359,-60,2.01967793378512
36.376349211165,-68,1.79049462214993
36.3863446601942,-77,1.58995922446914
36.3963401092233,-75,1.40374778376555
36.4063355582524,-60,1.24618425701635
36.4163310072816,-23,1.10294468724436
36.4263264563107,19,0.959705117472363
36.4363219053398,46,0.830789504677568
36.4463173543689,78,0.687549934905573
36.4563128033981,108,0.572958279087978
36.4663082524272,127,0.458366623270382
36.4763037014563,122,0.372422881407186
36.4862991504854,98,0.315127053498388
36.4962945995146,65,0.25783122558959
36.5062900485437,34,0.214859354657992
36.5162854975728,27,0.186211440703593
36.5262809466019,29,0.171887483726393
36.5362763956311,39,0.157563526749194
36.5462718446602,63,0.143239569771994
36.5562672936893,93,0.171887483726393
36.5662627427184,118,0.214859354657992
36.5762581917476,130,0.286479139543989
36.5862536407767,135,0.329451010475587
36.5962490898058,142,0.329451010475587
36.6062445388349,142,0.300803096521188
36.6162399878641,121,0.229183311635191
36.6262354368932,108,0.143239569771994
36.6362308859223,109,0.0716197848859972
36.6462263349515,103,0.0143239569771994
36.6562217839806,147,0.0
36.6662172330097,185,0.0
36.6762126820388,170,0.0429718709315983
36.686208131068,60,0.0572958279087978
36.6962035800971,-127,0.0143239569771994
36.7061990291262,-362,-0.114591655817596
36.7161944781553,-592,-0.386746838384385
36.7261899271845,-637,-0.816465547700368
36.7361853762136,-557,-1.41807174074275
36.7461808252427,-517,-2.06264980471672
36.7561762742718,-508,-2.5783122558959
36.766171723301,-416,-2.89343930939429
36.7761671723301,-237,-3.02235492218908
36.7861626213592,-80,-2.97938305125748
36.7961580703883,37,-2.82181952450829
36.8061535194175,117,-2.5926362128731
36.8161489684466,147,-2.37777685821511
36.8261444174757,129,-2.14859354657992
36.8361398665048,73,-1.90508627796753
36.846135315534,-4,-1.66157900935514
36.8561307645631,-101,-1.43239569771994
36.8661262135922,-175,-1.26050821399355
36.8761216626214,-205,-1.11726864422156
36.8861171116505,-219,-1.00267698840396
36.8961125606796,-212,-0.873761375609166
36.9061080097087,-179,-0.701873891882773
36.9161034587379,-145,-0.487014537224781
36.926098907767,-122,-0.25783122558959
36.9360943567961,-109,-0.0429718709315983
36.9460898058252,-105,0.143239569771994
36.9560852548544,-91,0.315127053498388
36.9660807038835,-51,0.472690580247582
36.9760761529126,7,0.615930150019576
36.9860716019417,55,0.75916971979157
36.9960670509709,90,0.916733246540764
37.0060625,117,1.05997281631276
37.0160579490291,119,1.16024051515316
37.0260533980582,116,1.24618425701635
37.0360488470874,108,1.30348008492515
37.0460442961165,91,1.33212799887955
37.0560397451456,77,1.34645195585675
37.0660351941748,58,1.38942382678835
37.0760306432039,38,1.43239569771994
37.086026092233,32,1.47536756865154
37.0960215412621,34,1.50401548260594
37.1060169902913,47,1.53266339656034
37.1160124393204,68,1.54698735353754
37.1260078883495,86,1.54698735353754
37.1360033373786,104,1.54698735353754
37.1459987864078,104,1.54698735353754
37.1559942354369,90,1.56131131051474
37.165989684466,86,1.58995922446914
37.1759851334951,111,1.66157900935514
37.1859805825243,147,1.73319879424113
37.1959760315534,188,1.81914253610433
37.2059714805825,240,1.89076232099033
37.2159669296116,295,1.94805814889912
37.2259623786408,330,1.96238210587632
37.2359578276699,323,1.94805814889912
37.245953276699,281,1.89076232099033
37.2559487257281,205,1.80481857912713
37.2659441747573,139,1.74752275121833
37.2759396237864,57,1.73319879424113
37.2859350728155,-129,1.77617066517273
37.2959305218447,-435,1.87643836401313
37.3059259708738,-617,2.03400189076232
37.3159214199029,-588,2.34912894426071
37.325916868932,-552,2.80749556753109
37.3359123179612,-574,3.22289031986988
37.3459077669903,-556,3.50936945941386
37.3559032160194,-464,3.65260902918586
37.3658986650485,-353,3.68125694314026
37.3758941140777,-248,3.63828507220866
37.3858895631068,-171,3.59531320127706
37.3958850121359,-91,3.60963715825426
37.405880461165,-27,3.69558090011746
37.4158759101942,-20,3.73855277104906
37.4258713592233,-77,3.76720068500345
37.4358668082524,-165,3.70990485709466
37.4458622572815,-216,3.56666528732266
37.4558577063107,-209,3.39477780359627
37.4658531553398,-173,3.19424240591548
37.4758486043689,-127,2.99370700823468
37.4858440533981,-82,2.77884765357669
37.4958395024272,-46,2.5496643419415
37.5058349514563,-31,2.30615707332911
37.5158304004854,-47,2.06264980471672
37.5258258495146,-101,1.80481857912713
37.5358212985437,-140,1.57563526749194
37.5458167475728,-138,1.36077591283395
37.5558121966019,-93,1.16024051515316
37.5658076456311,-27,0.974029074449562
37.5758030946602,28,0.802141590723169
37.5857985436893,58,0.658902020951174
37.5957939927184,91,0.544310365133579
37.6057894417476,124,0.458366623270382
37.6157848907767,132,0.401070795361584
37.6257803398058,122,0.358098924429986
37.635775788835,106,0.343774967452787
37.6457712378641,91,0.343774967452787
37.6557666868932,71,0.329451010475587
37.6657621359223,49,0.315127053498388
37.6757575849515,31,0.286479139543989
37.6857530339806,40,0.272155182566789
37.6957484830097,65,0.286479139543989
37.7057439320388,95,0.315127053498388
37.715739381068,119,0.386746838384385
37.7257348300971,139,0.458366623270382
37.7357302791262,164,0.501338494201981
37.7457257281553,181,0.472690580247582
37.7557211771845,166,0.386746838384385
37.7657166262136,125,0.229183311635191
37.7757120752427,90,0.0572958279087978
37.7857075242718,75,-0.0859437418631967
37.795702973301,88,-0.243507268612391
37.8056984223301,141,-0.358098924429986
37.8156938713592,183,-0.429718709315983
37.8256893203883,194,-0.472690580247582
37.8356847694175,152,-0.501338494201981
37.8456802184466,30,-0.558634322110778
37.8556756674757,-135,-0.701873891882773
37.8656711165049,-293,-0.902409289563565
37.875666565534,-411,-1.18888842910755
37.8856620145631,-483,-1.57563526749194
37.8956574635922,-534,-2.07697376169392
37.9056529126214,-584,-2.5926362128731
37.9156483616505,-577,-3.00803096521188
37.9256438106796,-474,-3.26586219080147
37.9356392597087,-321,-3.36612988964187
37.9456347087379,-171,-3.35180593266467
37.955630157767,-73,-3.26586219080147
37.9656256067961,-66,-3.19424240591548
37.9756210558252,-13,-3.07965075009788
37.9856165048544,-24,-2.97938305125748
37.9956119538835,-19,-2.89343930939429
38.0056074029126,-16,-2.77884765357669
38.0156028519417,-38,-2.6785799547363
38.0255983009709,-162,-2.6499320407819
38.03559375,-161,-2.5496643419415
38.0455891990291,-188,-2.5066924710099
38.0555846480582,-180,-2.44939664310111
38.0655800970874,-151,-2.27750915937471
38.0755755461165,-151,-2.13426958960272
38.0855709951456,-130,-1.91941023494473
38.0955664441748,-93,-1.69022692330953
38.1055618932039,-23,-1.43239569771994
38.115557342233,-19,-1.23186030003915
38.1255527912621,-23,-1.03132490235836
38.1355482402913,-33,-0.845113461654767
38.1455436893204,-30,-0.673225977928374
38.1555391383495,-7,-0.529986408156379
38.1655345873786,18,-0.358098924429986
38.1755300364078,42,-0.186211440703593
38.1855254854369,57,-0.0286479139543989
38.195520934466,62,0.100267698840396
38.2055163834951,71,0.214859354657992
38.2155118325243,78,0.286479139543989
38.2255072815534,62,0.315127053498388
38.2355027305825,23,0.300803096521188
38.2454981796116,17,0.272155182566789
38.2554936286408,45,0.214859354657992
38.2654890776699,77,0.157563526749194
38.275484526699,102,0.0572958279087978
38.2854799757282,101,-0.0572958279087978
38.2954754247573,85,-0.200535397680792
38.3054708737864,63,-0.343774967452787
38.3154663228155,0,-0.487014537224781
38.3254617718447,-77,-0.587282236065177
38.3354572208738,-104,-0.630254106996776
38.3454526699029,-40,-0.615930150019576
38.355448118932,68,-0.572958279087978
38.3654435679612,163,-0.487014537224781
38.3754390169903,215,-0.401070795361584
38.3854344660194,254,-0.343774967452787
38.3954299150485,285,-0.272155182566789
38.4054253640777,290,-0.200535397680792
38.4154208131068,243,-0.128915612794795
38.4254162621359,145,-0.0572958279087978
38.435411711165,30,0.0286479139543989
38.4454071601942,-63,0.200535397680792
38.4554026092233,-156,0.458366623270382
38.4653980582524,-275,0.730521805837172
38.4753935072815,-336,1.00267698840396
38.4853889563107,-385,1.33212799887955
38.4953844053398,-427,1.70455088028673
38.5053798543689,-428,2.04832584773952
38.515375303398,-370,2.30615707332911
38.5253707524272,-280,2.4923685140327
38.5353662014563,-199,2.6212841268275
38.5453616504854,-156,2.7072278686907
38.5553570995146,-149,2.76452369659949
38.5653525485437,-181,2.83614348148549
38.5753479975728,-199,2.93641118032589
38.5853434466019,-181,3.05100283614348
38.5953388956311,-138,3.16559449196108
38.6053343446602,-96,3.25153823382427
38.6153297936893,-97,3.26586219080147
38.6253252427184,-128,3.20856636289268
38.6353206917476,-154,3.12262262102948
38.6453161407767,-161,3.02235492218908
38.6553115898058,-132,2.89343930939429
38.6653070388349,-70,2.77884765357669
38.6753024878641,-25,2.6499320407819
38.6852979368932,-12,2.5066924710099
38.6952933859223,-16,2.36345290123791
38.7052888349515,-27,2.23453728844311
38.7152842839806,-40,2.09129771867112
38.7252797330097,-54,1.97670606285352
38.7352751820388,-58,1.89076232099033
38.745270631068,-49,1.80481857912713
38.7552660800971,-38,1.76184670819553
38.7652615291262,-33,1.73319879424113
38.7752569781553,-23,1.70455088028673
38.7852524271845,1,1.66157900935514
38.7952478762136,20,1.61860713842354
38.8052433252427,18,1.54698735353754
38.8152387742718,19,1.46104361167434
38.825234223301,29,1.34645195585675
38.8352296723301,27,1.26050821399355
38.8452251213592,10,1.17456447213035
38.8552205703883,0,1.13159260119876
38.8652160194175,0,1.11726864422156
38.8752114684466,17,1.13159260119876
38.8852069174757,43,1.16024051515316
38.8952023665049,65,1.23186030003915
38.905197815534,58,1.30348008492515
38.9151932645631,40,1.37509986981115
38.9251887135922,29,1.43239569771994
38.9351841626214,22,1.50401548260594
38.9451796116505,-20,1.56131131051474
38.9551750606796,-50,1.60428318144634
38.9651705097087,-64,1.61860713842354
38.9751659587379,-98,1.58995922446914
38.985161407767,-134,1.54698735353754
38.9951568567961,-162,1.44671965469714
