Time (s),Forward Acceleration (cm/s^2),Roll (deg),Batch,Leg,Roll_diff
15.5058516383495,117,-0.816465547700368,0,,
15.5158470873786,85,-0.888085332586366,0,,-0.07161978488599796
15.5258425364078,77,-0.974029074449562,0,,-0.08594374186319598
15.5358379854369,107,-1.04564885933556,0,,-0.07161978488599796
15.545833434466,160,-1.11726864422156,0,,-0.07161978488600007
15.5558288834951,198,-1.17456447213035,0,,-0.057295827908790065
15.5658243325243,212,-1.21753634306195,0,,-0.04297187093159982
15.5758197815534,212,-1.26050821399355,0,,-0.04297187093160004
15.5858152305825,193,-1.26050821399355,0,,0.0
15.5958106796116,134,-1.28915612794795,0,,-0.02864791395440003
15.6058061286408,28,-1.33212799887955,0,,-0.04297187093160004
15.6158015776699,-79,-1.37509986981115,0,,-0.04297187093160004
15.625797026699,-176,-1.44671965469714,0,,-0.07161978488598986
15.6357924757282,-281,-1.57563526749194,0,,-0.12891561279480013
15.6457879247573,-408,-1.77617066517273,0,,-0.20053539768078998
15.6557833737864,-484,-2.09129771867112,0,,-0.3151270534983899
15.6657788228155,-555,-2.5066924710099,0,,-0.4153947523387802
15.6757742718447,-622,-2.89343930939429,0,,-0.38674683838438995
15.6857697208738,-606,-3.16559449196108,0,,-0.27215518256678983
15.6957651699029,-482,-3.33748197568747,0,,-0.17188748372638996
15.705760618932,-303,-3.40910176057347,0,Right,-0.07161978488600029
15.7157560679612,-156,-3.38045384661907,0,Right,0.02864791395440003
15.7257515169903,-81,-3.28018614777867,0,Right,0.10026769884040032
15.7357469660194,-61,-3.16559449196108,0,Right,0.1145916558175899
15.7457424150485,-57,-3.03667887916628,0,Right,0.1289156127947999
15.7557378640777,-51,-2.89343930939429,0,Right,0.14323956977198993
15.7657333131068,-65,-2.75019973962229,0,Right,0.14323956977200014
15.7757287621359,-115,-2.6069601698503,0,Right,0.14323956977198993
15.785724211165,-172,-2.4923685140327,0,Right,0.11459165581760011
15.7957196601942,-208,-2.42074872914671,0,Right,0.07161978488599008
15.8057151092233,-197,-2.37777685821511,0,Right,0.04297187093159982
15.8157105582524,-154,-2.34912894426071,0,Right,0.02864791395440003
15.8257060072816,-117,-2.27750915937471,0,Right,0.07161978488599985
15.8357014563107,-90,-2.16291750355712,0,Right,0.1145916558175899
15.8456969053398,-95,-2.03400189076232,0,Right,0.12891561279480035
15.8556923543689,-111,-1.86211440703593,0,Right,0.17188748372638996
15.8656878033981,-124,-1.69022692330953,0,Right,0.17188748372639995
15.8756832524272,-136,-1.51833943958314,0,Right,0.17188748372638996
15.8856787014563,-148,-1.36077591283395,0,Right,0.15756352674918994
15.8956741504854,-115,-1.21753634306195,0,Right,0.14323956977200014
15.9056695995146,-51,-1.07429677328996,0,Right,0.14323956977198993
15.9156650485437,11,-0.916733246540764,0,Right,0.15756352674919594
15.9256604975728,55,-0.730521805837172,0,Right,0.18621144070359208
15.9356559466019,79,-0.529986408156379,0,Right,0.20053539768079298
15.9456513956311,90,-0.300803096521188,0,Right,0.229183311635191
15.9556468446602,83,-0.0859437418631967,0,Right,0.21485935465799127
15.9656422936893,65,0.128915612794795,0,Right,0.2148593546579917
15.9756377427184,45,0.329451010475587,0,,0.200535397680792
15.9856331917476,20,0.529986408156379,0,,0.20053539768079198
15.9956286407767,0,0.701873891882773,0,,0.17188748372639406
16.0056240898058,0,0.873761375609166,0,,0.17188748372639295
16.0156195388349,2,1.01700094538116,0,,0.14323956977199392
16.0256149878641,-1,1.14591655817596,0,,0.12891561279480013
16.0356104368932,0,1.24618425701635,0,,0.10026769884038989
16.0456058859223,13,1.33212799887955,0,,0.08594374186320008
16.0556013349514,21,1.38942382678835,0,,0.05729582790880006
16.0655967839806,25,1.41807174074275,0,,0.02864791395440003
16.0755922330097,33,1.41807174074275,0,,0.0
16.0855876820388,51,1.40374778376555,0,,-0.014323956977200014
16.095583131068,60,1.37509986981115,0,,-0.02864791395440003
16.1055785800971,39,1.33212799887955,0,,-0.04297187093160004
16.1155740291262,8,1.28915612794795,0,,-0.04297187093160004
16.1255694781553,2,1.28915612794795,0,,0.0
16.1355649271845,39,1.33212799887955,0,,0.04297187093160004
16.1455603762136,99,1.40374778376555,0,,0.07161978488600007
16.1555558252427,155,1.48969152562874,0,,0.08594374186318987
16.1655512742718,211,1.57563526749194,0,,0.08594374186320008
16.175546723301,281,1.63293109540074,0,,0.05729582790880006
16.1855421723301,337,1.66157900935514,0,,0.028647913954399806
16.1955376213592,343,1.64725505237794,0,,-0.014323956977200014
16.2055330703883,272,1.60428318144634,0,,-0.04297187093159982
16.2155285194175,177,1.56131131051474,0,,-0.04297187093160004
16.2255239684466,102,1.58995922446914,0,,0.02864791395440003
16.2355194174757,102,1.60428318144634,0,,0.014323956977200014
16.2455148665049,2,1.69022692330953,0,,0.08594374186318987
16.255510315534,-103,1.76184670819553,0,,0.07161978488600007
16.2655057645631,-202,1.84779045005873,0,,0.08594374186320008
16.2755012135922,-204,1.93373419192193,0,,0.08594374186319986
16.2854966626214,-341,2.10562167564832,0,,0.17188748372639018
16.2954921116505,-400,2.30615707332911,0,,0.20053539768078998
16.3054875606796,-402,2.5066924710099,0,,0.20053539768078998
16.3154830097087,-421,2.72155182566789,0,,0.21485935465798978
16.3254784587379,-369,2.87911535241709,0,,0.15756352674919993
16.335473907767,-340,2.97938305125748,0,,0.10026769884039011
16.3454693567961,-337,3.10829866405228,0,,0.1289156127947999
16.3554648058252,-257,3.19424240591548,0,Left,0.08594374186320008
16.3654602548544,-109,3.19424240591548,0,Left,0.0
16.3754557038835,-96,3.19424240591548,0,Left,0.0
16.3854511529126,-93,3.20856636289268,0,Left,0.014323956977200236
16.3954466019417,-106,3.20856636289268,0,Left,0.0
16.4054420509709,-105,3.23721427684707,0,Left,0.028647913954389814
16.4154375,-104,3.20856636289268,0,Left,-0.028647913954389814
16.4254329490291,-120,3.19424240591548,0,Left,-0.014323956977200236
16.4354283980582,-151,3.15127053498388,0,Left,-0.04297187093159982
16.4454238470874,-178,3.07965075009788,0,Left,-0.07161978488600029
16.4554192961165,-178,2.99370700823468,0,Left,-0.08594374186319964
16.4654147451456,-155,2.89343930939429,0,Left,-0.10026769884039011
16.4754101941748,-121,2.75019973962229,0,Left,-0.14323956977200014
16.4854056432039,-78,2.6069601698503,0,Left,-0.14323956977198993
16.495401092233,-37,2.44939664310111,0,Left,-0.15756352674919016
16.5053965412621,-25,2.30615707332911,0,Left,-0.1432395697719997
16.5153919902913,-33,2.16291750355712,0,Left,-0.14323956977198993
16.5253874393204,-42,2.03400189076232,0,Left,-0.12891561279480035
16.5353828883495,-38,1.90508627796753,0,Left,-0.1289156127947899
16.5453783373786,-12,1.77617066517273,0,Left,-0.1289156127947999
16.5553737864078,18,1.64725505237794,0,Left,-0.12891561279479014
16.5653692354369,36,1.53266339656034,0,Left,-0.11459165581759989
16.575364684466,49,1.41807174074275,0,Left,-0.1145916558175899
16.5853601334951,60,1.30348008492515,0,Left,-0.11459165581760011
16.5953555825243,53,1.18888842910755,0,Left,-0.11459165581759989
16.6053510315534,38,1.05997281631276,0,Left,-0.12891561279479014
16.6153464805825,30,0.931057203517964,0,Left,-0.12891561279479602
16.6253419296116,32,0.816465547700368,0,Left,-0.1145916558175959
16.6353373786408,29,0.701873891882773,0,Left,-0.114591655817595
16.6453328276699,15,0.601606193042377,0,Left,-0.1002676988403961
16.655328276699,5,0.51566245117918,0,Left,-0.08594374186319698
16.6653237257282,15,0.444042666293183,0,Left,-0.07161978488599696
16.6753191747573,17,0.386746838384385,0,Left,-0.057295827908798
16.6853146237864,25,0.343774967452787,0,Left,-0.04297187093159799
16.6953100728155,50,0.300803096521188,0,Left,-0.04297187093159904
16.7053055218447,84,0.25783122558959,0,Left,-0.04297187093159799
16.7153009708738,108,0.243507268612391,0,Left,-0.014323956977198987
16.7252964199029,131,0.229183311635191,0,Left,-0.014323956977199986
16.735291868932,143,0.214859354657992,0,Left,-0.014323956977199015
16.7452873179612,145,0.171887483726393,0,Left,-0.04297187093159899
16.7552827669903,139,0.128915612794795,0,Left,-0.042971870931598016
16.7652782160194,129,0.100267698840396,0,Left,-0.028647913954398987
16.7752736650485,97,0.0429718709315983,0,Left,-0.057295827908797704
16.7852691140777,61,0.0,0,Left,-0.0429718709315983
16.7952645631068,64,-0.0859437418631967,0,,-0.0859437418631967
16.8052600121359,120,-0.171887483726393,0,,-0.08594374186319631
16.815255461165,187,-0.272155182566789,0,,-0.10026769884039599
16.8252509101942,240,-0.358098924429986,0,,-0.08594374186319698
16.8352463592233,255,-0.415394752338784,0,,-0.057295827908798
16.8452418082524,158,-0.472690580247582,0,,-0.057295827908798
16.8552372572815,22,-0.529986408156379,0,,-0.057295827908797003
16.8652327063107,-10,-0.587282236065177,0,,-0.05729582790879806
16.8752281553398,-64,-0.630254106996776,0,,-0.04297187093159893
16.8852236043689,-162,-0.673225977928374,0,,-0.042971870931598044
16.8952190533981,-234,-0.75916971979157,0,,-0.08594374186319598
16.9052145024272,-361,-0.931057203517964,0,,-0.17188748372639395
16.9152099514563,-471,-1.17456447213035,0,,-0.24350726861238614
16.9252054004854,-492,-1.46104361167434,0,,-0.28647913954398985
16.9352008495146,-475,-1.76184670819553,0,,-0.3008030965211901
16.9451962985437,-507,-1.99103001983072,0,,-0.22918331163519
16.9551917475728,-468,-2.13426958960272,0,,-0.14323956977200014
16.9651871966019,-350,-2.17724146053432,0,Right,-0.04297187093159982
16.9751826456311,-225,-2.13426958960272,0,Right,0.04297187093159982
16.9851780946602,-158,-2.03400189076232,0,Right,0.10026769884040032
16.9951735436893,-129,-1.90508627796753,0,Right,0.1289156127947899
17.0051689927184,-107,-1.76184670819553,0,Right,0.14323956977199992
17.0151644417476,-75,-1.61860713842354,0,Right,0.14323956977198993
17.0251598907767,-46,-1.47536756865154,0,Right,0.14323956977200014
17.0351553398058,-60,-1.33212799887955,0,Right,0.14323956977198993
17.0451507888349,-105,-1.23186030003915,0,Right,0.1002676988404001
17.0551462378641,-127,-1.13159260119876,0,Right,0.10026769884038989
17.0651416868932,-127,-1.03132490235836,0,Right,0.1002676988404001
17.0751371359223,-121,-0.931057203517964,0,Right,0.10026769884039599
17.0851325849515,-71,-0.75916971979157,0,Right,0.17188748372639395
17.0951280339806,-57,-0.544310365133579,0,Right,0.214859354657991
17.1051234830097,-108,-0.286479139543989,0,Right,0.25783122558959
17.1151189320388,-123,-0.0286479139543989,0,Right,0.2578312255895901
17.125114381068,-103,0.214859354657992,0,Right,0.2435072686123909
17.1351098300971,-79,0.458366623270382,0,,0.24350726861239003
17.1451052791262,-56,0.687549934905573,0,,0.229183311635191
17.1551007281553,-23,0.916733246540764,0,,0.229183311635191
17.1650961771845,16,1.14591655817596,0,,0.229183311635196
17.1750916262136,44,1.38942382678835,0,,0.24350726861239003
17.1850870752427,62,1.61860713842354,0,,0.22918331163519
17.1950825242718,63,1.83346649308153,0,,0.21485935465799
17.205077973301,58,2.03400189076232,0,,0.20053539768078976
17.2150734223301,57,2.22021333146591,0,,0.1862114407035902
17.2250688713592,53,2.37777685821511,0,,0.15756352674919993
17.2350643203883,53,2.4923685140327,0,,0.1145916558175899
17.2450597694175,67,2.5639882989187,0,,0.07161978488600029
17.2550552184466,74,2.5926362128731,0,Left,0.02864791395440003
17.2650506674757,69,2.5783122558959,0,Left,-0.014323956977200236
17.2750461165049,45,2.5496643419415,0,Left,-0.02864791395440003
17.285041565534,32,2.5066924710099,0,Left,-0.04297187093159982
17.2950370145631,24,2.43507268612391,0,Left,-0.07161978488599008
17.3050324635922,14,2.32048103030631,0,Left,-0.11459165581760011
17.3150279126214,-12,2.14859354657992,0,Left,-0.17188748372638996
17.3250233616505,-38,1.97670606285352,0,Left,-0.17188748372639995
17.3350188106796,-33,1.80481857912713,0,Left,-0.17188748372638996
17.3450142597087,-15,1.64725505237794,0,Left,-0.15756352674919016
17.3550097087379,-20,1.51833943958314,0,Left,-0.1289156127947999
17.365005157767,-36,1.44671965469714,0,Left,-0.07161978488600007
17.3750006067961,-33,1.44671965469714,0,Left,0.0
17.3849960558252,13,1.48969152562874,0,Left,0.04297187093160004
17.3949915048544,92,1.51833943958314,0,Left,0.02864791395440003
17.4049869538835,189,1.56131131051474,0,Left,0.04297187093160004
17.4149824029126,280,1.57563526749194,0,Left,0.014323956977200014
17.4249778519417,347,1.58995922446914,0,Left,0.014323956977200014
17.4349733009709,383,1.57563526749194,0,Left,-0.014323956977200014
17.44496875,371,1.53266339656034,0,Left,-0.04297187093160004
17.4549641990291,312,1.50401548260594,0,Left,-0.02864791395440003
17.4649596480582,218,1.50401548260594,0,Left,0.0
17.4749550970874,89,1.54698735353754,0,Left,0.04297187093160004
17.4849505461165,-61,1.64725505237794,0,Left,0.10026769884039988
17.4949459951456,-195,1.80481857912713,0,Left,0.15756352674919016
17.5049414441748,-345,2.03400189076232,0,Left,0.2291833116351898
17.5149368932039,-483,2.32048103030631,0,Left,0.28647913954399007
17.524932342233,-576,2.6499320407819,0,Left,0.3294510104755899
17.5349277912621,-557,3.00803096521188,0,Left,0.35809892442998015
17.5449232402913,-461,3.30883406173307,0,Left,0.30080309652118986
17.5549186893204,-360,3.53801737336826,0,Left,0.22918331163519
17.5649141383495,-274,3.68125694314026,0,Left,0.14323956977200014
17.5749095873786,-182,3.73855277104906,0,Left,0.05729582790880006
17.5849050364078,-91,3.72422881407186,0,Left,-0.014323956977200236
17.5949004854369,-47,3.66693298616306,0,Left,-0.05729582790879961
17.604895934466,-57,3.56666528732266,0,Left,-0.10026769884040032
17.6148913834951,-119,3.48072154545947,0,Left,-0.08594374186318987
17.6248868325243,-187,3.40910176057347,0,Left,-0.07161978488599985
17.6348822815534,-210,3.35180593266467,0,Left,-0.05729582790880006
17.6448777305825,-184,3.30883406173307,0,Left,-0.042971870931600264
17.6548731796116,-152,3.23721427684707,0,Left,-0.07161978488599985
17.6648686286408,-146,3.13694657800668,0,Left,-0.10026769884039011
17.6748640776699,-159,2.99370700823468,0,Left,-0.1432395697719997
17.684859526699,-153,2.82181952450829,0,Left,-0.17188748372638996
17.6948549757282,-135,2.6069601698503,0,Left,-0.21485935465799022
17.7048504247573,-106,2.34912894426071,0,Left,-0.25783122558959004
17.7148458737864,-75,2.07697376169392,0,Left,-0.27215518256678983
17.7248413228155,-47,1.80481857912713,0,Left,-0.27215518256679005
17.7348367718447,-30,1.53266339656034,0,Left,-0.27215518256679005
17.7448322208738,-25,1.28915612794795,0,Left,-0.24350726861239003
17.7548276699029,-27,1.05997281631276,0,Left,-0.22918331163519
17.764823118932,-34,0.873761375609166,0,Left,-0.18621144070359397
17.7748185679612,-30,0.687549934905573,0,Left,-0.18621144070359297
17.7848140169903,-17,0.51566245117918,0,Left,-0.17188748372639306
17.7948094660194,-1,0.358098924429986,0,Left,-0.157563526749194
17.8048049150485,22,0.214859354657992,0,Left,-0.14323956977199398
17.8148003640777,40,0.0716197848859972,0,Left,-0.1432395697719948
17.8247958131068,55,-0.0429718709315983,0,Left,-0.1145916558175955
17.8347912621359,67,-0.143239569771994,0,,-0.10026769884039571
17.844786711165,71,-0.243507268612391,0,,-0.10026769884039699
17.8547821601942,65,-0.300803096521188,0,,-0.057295827908796976
17.8647776092233,54,-0.358098924429986,0,,-0.057295827908798
17.8747730582524,43,-0.401070795361584,0,,-0.042971870931598044
17.8847685072815,34,-0.444042666293183,0,,-0.04297187093159899
17.8947639563107,27,-0.487014537224781,0,,-0.04297187093159799
17.9047594053398,17,-0.529986408156379,0,,-0.04297187093159799
17.9147548543689,5,-0.544310365133579,0,,-0.014323956977200014
17.9247503033981,17,-0.558634322110778,0,,-0.014323956977199015
17.9347457524272,54,-0.544310365133579,0,,0.014323956977199015
17.9447412014563,94,-0.51566245117918,0,,0.02864791395439903
17.9547366504854,96,-0.472690580247582,0,,0.04297187093159799
17.9647320995146,79,-0.444042666293183,0,,0.028647913954398974
17.9747275485437,71,-0.429718709315983,0,,0.014323956977200014
17.9847229975728,77,-0.444042666293183,0,,-0.014323956977200014
17.9947184466019,112,-0.458366623270382,0,,-0.014323956977199015
18.0047138956311,149,-0.487014537224781,0,,-0.028647913954398974
18.0147093446602,170,-0.529986408156379,0,,-0.04297187093159799
18.0247047936893,179,-0.587282236065177,0,,-0.05729582790879806
18.0347002427184,180,-0.644578063973975,0,,-0.05729582790879795
18.0446956917476,196,-0.701873891882773,0,,-0.05729582790879806
18.0546911407767,205,-0.730521805837172,0,,-0.028647913954398918
18.0646865898058,176,-0.78781763374597,0,,-0.05729582790879806
18.0746820388349,97,-0.873761375609166,0,,-0.08594374186319598
18.0846774878641,-1,-1.01700094538116,0,,-0.14323956977199392
18.0946729368932,-118,-1.23186030003915,0,,-0.21485935465799
18.1046683859223,-254,-1.50401548260594,0,,-0.27215518256679005
18.1146638349515,-381,-1.81914253610433,0,,-0.3151270534983901
18.1246592839806,-475,-2.17724146053432,0,,-0.3580989244299899
18.1346547330097,-518,-2.5496643419415,0,,-0.37242288140717994
18.1446501820388,-489,-2.86479139543989,0,,-0.3151270534983901
18.154645631068,-414,-3.12262262102948,0,,-0.25783122558959004
18.1646410800971,-325,-3.29451010475587,0,,-0.17188748372638996
18.1746365291262,-214,-3.38045384661907,0,Right,-0.08594374186320008
18.1846319781553,-117,-3.36612988964187,0,Right,0.014323956977200236
18.1946274271845,-56,-3.29451010475587,0,Right,0.07161978488599985
18.2046228762136,-28,-3.16559449196108,0,Right,0.12891561279479014
18.2146183252427,-28,-3.02235492218908,0,Right,0.1432395697719997
18.2246137742718,-40,-2.85046743846269,0,Right,0.1718874837263904
18.234609223301,-72,-2.6929039117135,0,Right,0.15756352674918972
18.2446046723301,-110,-2.5496643419415,0,Right,0.14323956977200014
18.2546001213592,-121,-2.42074872914671,0,Right,0.12891561279479014
18.2645955703883,-134,-2.29183311635191,0,Right,0.1289156127947999
18.2745910194175,-138,-2.16291750355712,0,Right,0.1289156127947897
18.2845864684466,-113,-2.03400189076232,0,Right,0.12891561279480035
18.2945819174757,-93,-1.87643836401313,0,Right,0.15756352674918994
18.3045773665048,-86,-1.70455088028673,0,Right,0.17188748372639995
18.314572815534,-82,-1.51833943958314,0,Right,0.18621144070358997
18.3245682645631,-78,-1.30348008492515,0,Right,0.21485935465799
18.3345637135922,-62,-1.10294468724436,0,Right,0.20053539768078998
18.3445591626214,-44,-0.902409289563565,0,Right,0.20053539768079498
18.3545546116505,-32,-0.701873891882773,0,Right,0.20053539768079198
18.3645500606796,-34,-0.529986408156379,0,Right,0.17188748372639406
18.3745455097087,-22,-0.358098924429986,0,Right,0.171887483726393
18.3845409587379,9,-0.186211440703593,0,Right,0.17188748372639298
18.394536407767,50,0.0,0,Right,0.186211440703593
18.4045318567961,74,0.200535397680792,0,,0.200535397680792
18.4145273058252,85,0.415394752338784,0,,0.21485935465799197
18.4245227548544,79,0.630254106996776,0,,0.214859354657992
18.4345182038835,71,0.816465547700368,0,,0.18621144070359208
18.4445136529126,80,0.974029074449562,0,,0.15756352674919394
18.4545091019417,86,1.10294468724436,0,,0.12891561279479802
18.4645045509709,85,1.21753634306195,0,,0.1145916558175899
18.4745,76,1.30348008492515,0,,0.08594374186320008
18.4844954490291,66,1.37509986981115,0,,0.07161978488600007
18.4944908980582,66,1.43239569771994,0,,0.05729582790878984
18.5044863470874,79,1.48969152562874,0,,0.05729582790880006
18.5144817961165,99,1.51833943958314,0,,0.02864791395440003
18.5244772451456,114,1.48969152562874,0,,-0.02864791395440003
18.5344726941748,111,1.43239569771994,0,,-0.05729582790880006
18.5444681432039,71,1.33212799887955,0,,-0.10026769884038989
18.554463592233,42,1.21753634306195,0,,-0.11459165581760011
18.5644590412621,22,1.08862073026716,0,,-0.1289156127947899
18.5744544902913,-4,0.959705117472363,0,,-0.12891561279479702
18.5844499393204,-43,0.873761375609166,0,,-0.08594374186319698
18.5944453883495,-35,0.845113461654767,0,,-0.02864791395439903
18.6044408373786,24,0.902409289563565,0,,0.05729582790879806
18.6144362864078,92,0.988353031426762,0,,0.08594374186319698
18.6244317354369,144,1.10294468724436,0,,0.114591655817598
18.634427184466,209,1.23186030003915,0,,0.1289156127947899
18.6444226334951,281,1.34645195585675,0,,0.11459165581760011
18.6544180825243,317,1.44671965469714,0,,0.10026769884038989
18.6644135315534,300,1.53266339656034,0,,0.08594374186320008
18.6744089805825,241,1.60428318144634,0,,0.07161978488600007
18.6844044296116,146,1.67590296633234,0,,0.07161978488599985
18.6943998786408,-14,1.77617066517273,0,,0.10026769884039011
18.7043953276699,-190,1.93373419192193,0,,0.15756352674919993
18.714390776699,-297,2.16291750355712,0,,0.22918331163519023
18.7243862257282,-377,2.44939664310111,0,,0.2864791395439896
18.7343816747573,-378,2.79317161055389,0,,0.34377496745278036
18.7443771237864,-366,3.15127053498388,0,,0.3580989244299899
18.7543725728155,-366,3.43774967452787,0,,0.28647913954399007
18.7643680218447,-345,3.60963715825426,0,,0.17188748372638996
18.7743634708738,-293,3.68125694314026,0,,0.07161978488599985
18.7843589199029,-203,3.70990485709466,0,,0.02864791395440003
18.794354368932,-119,3.66693298616306,0,,-0.04297187093159982
18.8043498179612,-87,3.62396111523146,0,,-0.042971870931600264
18.8143452669903,-111,3.59531320127706,0,,-0.02864791395440003
18.8243407160194,-151,3.60963715825426,0,,0.014323956977200236
18.8343361650485,-195,3.66693298616306,0,,0.05729582790880006
18.8443316140777,-215,3.73855277104906,0,,0.07161978488599985
18.8543270631068,-209,3.78152464198065,0,,0.04297187093159005
18.8643225121359,-190,3.79584859895785,0,,0.014323956977199792
18.874317961165,-176,3.78152464198065,0,,-0.014323956977199792
18.8843134101942,-187,3.72422881407186,0,,-0.05729582790879029
18.8943088592233,-198,3.65260902918586,0,,-0.07161978488599985
18.9043043082524,-191,3.53801737336826,0,,-0.11459165581760011
18.9142997572815,-162,3.42342571755067,0,,-0.1145916558175899
18.9242952063107,-119,3.29451010475587,0,,-0.1289156127947999
18.9342906553398,-75,3.15127053498388,0,,-0.14323956977198993
18.9442861043689,-43,2.97938305125748,0,,-0.17188748372640017
18.9542815533981,-29,2.82181952450829,0,,-0.15756352674918972
18.9642770024272,-22,2.6642559977591,0,,-0.15756352674919016
18.9742724514563,-17,2.5066924710099,0,,-0.15756352674919993
18.9842679004854,-14,2.37777685821511,0,,-0.12891561279479014
18.9942633495146,-24,2.24886124542031,0,,-0.1289156127947999
22.5026659587379,253,1.10294468724436,1,,-1.14591655817595
22.512661407767,162,1.20321238608475,1,,0.10026769884038989
22.5226568567961,-11,1.33212799887955,1,,0.12891561279480013
22.5326523058252,-204,1.51833943958314,1,,0.18621144070358997
22.5426477548544,-342,1.80481857912713,1,,0.28647913954399007
22.5526432038835,-389,2.16291750355712,1,,0.35809892442999014
22.5626386529126,-389,2.5496643419415,1,,0.38674683838437973
22.5726341019417,-403,2.87911535241709,1,,0.3294510104755899
22.5826295509709,-416,3.12262262102948,1,,0.24350726861239025
22.592625,-373,3.29451010475587,1,,0.17188748372638996
22.6026204490291,-290,3.38045384661907,1,,0.08594374186320008
22.6126158980582,-208,3.40910176057347,1,Left,0.02864791395440003
22.6226113470874,-156,3.40910176057347,1,Left,0.0
22.6326067961165,-133,3.39477780359627,1,Left,-0.014323956977200236
22.6426022451456,-127,3.38045384661907,1,Left,-0.014323956977199792
22.6525976941748,-116,3.39477780359627,1,Left,0.014323956977199792
22.6625931432039,-112,3.42342571755067,1,Left,0.02864791395440003
22.672588592233,-126,3.49504550243666,1,Left,0.07161978488599008
22.6825840412621,-153,3.58098924429986,1,Left,0.08594374186320008
22.6925794902913,-184,3.63828507220866,1,Left,0.05729582790880006
22.7025749393204,-209,3.65260902918586,1,Left,0.014323956977199792
22.7125703883495,-220,3.63828507220866,1,Left,-0.014323956977199792
22.7225658373786,-204,3.59531320127706,1,Left,-0.042971870931600264
22.7325612864078,-179,3.50936945941386,1,Left,-0.08594374186320008
22.7425567354369,-163,3.39477780359627,1,Left,-0.1145916558175899
22.752552184466,-153,3.23721427684707,1,Left,-0.15756352674919993
22.7625476334951,-143,3.03667887916628,1,Left,-0.20053539768078998
22.7725430825243,-119,2.80749556753109,1,Left,-0.22918331163519
22.7825385315534,-82,2.5783122558959,1,Left,-0.22918331163519
22.7925339805825,-35,2.33480498728351,1,Left,-0.2435072686123898
22.8025294296116,7,2.11994563262552,1,Left,-0.21485935465799022
22.8125248786408,38,1.91941023494473,1,Left,-0.20053539768078998
22.8225203276699,52,1.73319879424113,1,Left,-0.18621144070359996
22.832515776699,43,1.58995922446914,1,Left,-0.14323956977198993
22.8425112257282,35,1.46104361167434,1,Left,-0.12891561279480013
22.8525066747573,27,1.33212799887955,1,Left,-0.1289156127947899
22.8625021237864,23,1.21753634306195,1,Left,-0.11459165581760011
22.8724975728155,22,1.11726864422156,1,Left,-0.10026769884038989
22.8824930218447,32,1.00267698840396,1,Left,-0.11459165581760011
22.8924884708738,52,0.888085332586366,1,Left,-0.1145916558175939
22.9024839199029,71,0.77349367676877,1,Left,-0.114591655817596
22.912479368932,96,0.658902020951174,1,Left,-0.114591655817596
22.9224748179612,111,0.529986408156379,1,Left,-0.12891561279479502
22.9324702669903,112,0.401070795361584,1,Left,-0.12891561279479496
22.9424657160194,93,0.272155182566789,1,Left,-0.12891561279479502
22.9524611650485,72,0.143239569771994,1,Left,-0.128915612794795
22.9624566140777,66,0.0429718709315983,1,Left,-0.10026769884039571
22.9724520631068,53,-0.0143239569771994,1,Left,-0.0572958279087977
22.9824475121359,50,-0.0572958279087978,1,,-0.042971870931598405
22.992442961165,55,-0.0859437418631967,1,,-0.028647913954398897
23.0024384101942,61,-0.100267698840396,1,,-0.014323956977199306
23.0124338592233,54,-0.100267698840396,1,,0.0
23.0224293082524,36,-0.0859437418631967,1,,0.014323956977199306
23.0324247572815,22,-0.0716197848859972,1,,0.0143239569771995
23.0424202063107,33,-0.0716197848859972,1,,0.0
23.0524156553398,63,-0.0859437418631967,1,,-0.0143239569771995
23.0624111043689,100,-0.100267698840396,1,,-0.014323956977199306
23.0724065533981,128,-0.128915612794795,1,,-0.028647913954398987
23.0824020024272,135,-0.171887483726393,1,,-0.042971870931598016
23.0923974514563,139,-0.229183311635191,1,,-0.057295827908798
23.1023929004854,152,-0.25783122558959,1,,-0.028647913954398974
23.1123883495146,163,-0.272155182566789,1,,-0.014323956977199015
23.1223837985437,148,-0.286479139543989,1,,-0.014323956977200014
23.1323792475728,106,-0.315127053498388,1,,-0.028647913954398974
23.1423746966019,40,-0.386746838384385,1,,-0.07161978488599702
23.1523701456311,-45,-0.51566245117918,1,,-0.12891561279479496
23.1623655946602,-150,-0.744845762814371,1,,-0.229183311635191
23.1723610436893,-252,-1.03132490235836,1,,-0.28647913954398896
23.1823564927184,-337,-1.33212799887955,1,,-0.3008030965211901
23.1923519417476,-404,-1.60428318144634,1,,-0.27215518256679005
23.2023473907767,-426,-1.83346649308153,1,,-0.22918331163519
23.2123428398058,-382,-1.96238210587632,1,,-0.1289156127947899
23.2223382888349,-310,-2.01967793378512,1,Right,-0.05729582790880006
23.2323337378641,-228,-2.00535397680792,1,Right,0.014323956977200236
23.2423291868932,-155,-1.91941023494473,1,Right,0.08594374186318987
23.2523246359223,-97,-1.79049462214993,1,Right,0.1289156127947999
23.2623200849514,-62,-1.61860713842354,1,Right,0.17188748372638996
23.2723155339806,-61,-1.44671965469714,1,Right,0.17188748372640017
23.2823109830097,-96,-1.24618425701635,1,Right,0.20053539768078998
23.2923064320388,-152,-1.03132490235836,1,Right,0.21485935465799
23.302301881068,-202,-0.816465547700368,1,Right,0.21485935465799189
23.3122973300971,-215,-0.601606193042377,1,Right,0.2148593546579911
23.3222927791262,-186,-0.401070795361584,1,Right,0.20053539768079293
23.3322882281553,-149,-0.229183311635191,1,Right,0.171887483726393
23.3422836771845,-110,-0.0716197848859972,1,Right,0.15756352674919383
23.3522791262136,-71,0.0859437418631967,1,Right,0.15756352674919388
23.3622745752427,-53,0.25783122558959,1,,0.1718874837263933
23.3722700242718,-71,0.444042666293183,1,,0.18621144070359302
23.382265473301,-91,0.673225977928374,1,,0.229183311635191
23.3922609223301,-78,0.916733246540764,1,,0.24350726861239003
23.4022563713592,-52,1.20321238608475,1,,0.28647913954398585
23.4122518203883,-37,1.48969152562874,1,,0.28647913954399007
23.4222472694175,-27,1.76184670819553,1,,0.27215518256679005
23.4322427184466,-25,2.01967793378512,1,,0.25783122558959004
23.4422381674757,-15,2.26318520239751,1,,0.2435072686123898
23.4522336165049,2,2.5066924710099,1,,0.24350726861239025
23.462229065534,12,2.72155182566789,1,,0.21485935465798978
23.4722245145631,18,2.92208722334869,1,,0.2005353976808002
23.4822199635922,27,3.12262262102948,1,,0.20053539768078998
23.4922154126214,39,3.32315801871027,1,,0.20053539768078998
23.5022108616505,38,3.48072154545947,1,,0.15756352674919993
23.5122063106796,26,3.60963715825426,1,,0.12891561279479014
23.5222017597087,14,3.72422881407186,1,,0.11459165581759967
23.5321972087379,24,3.81017255593505,1,,0.08594374186319031
23.542192657767,32,3.85314442686665,1,,0.04297187093159982
23.5521881067961,15,3.88179234082105,1,Left,0.02864791395440003
23.5621835558252,8,3.86746838384385,1,Left,-0.014323956977199792
23.5721790048544,10,3.83882046988945,1,Left,-0.02864791395440003
23.5821744538835,17,3.76720068500345,1,Left,-0.07161978488600029
23.5921699029126,10,3.65260902918586,1,Left,-0.1145916558175899
23.6021653519417,2,3.50936945941386,1,Left,-0.14323956977200014
23.6121608009709,0,3.36612988964187,1,Left,-0.14323956977198993
23.62215625,12,3.20856636289268,1,Left,-0.15756352674918972
23.6321516990291,23,3.05100283614348,1,Left,-0.15756352674920038
23.6421471480582,32,2.92208722334869,1,Left,-0.1289156127947897
23.6521425970874,51,2.86479139543989,1,Left,-0.05729582790880006
23.6621380461165,66,2.83614348148549,1,Left,-0.02864791395440003
23.6721334951456,83,2.85046743846269,1,Left,0.014323956977199792
23.6821289441748,110,2.85046743846269,1,Left,0.0
23.6921243932039,149,2.82181952450829,1,Left,-0.028647913954399584
23.702119842233,212,2.73587578264509,1,Left,-0.08594374186320008
23.7121152912621,279,2.5926362128731,1,Left,-0.14323956977198993
23.7221107402913,313,2.40642477216951,1,Left,-0.1862114407035902
23.7321061893204,295,2.20588937448871,1,Left,-0.2005353976808002
23.7421016383495,208,2.00535397680792,1,Left,-0.20053539768078998
23.7520970873786,57,1.84779045005873,1,Left,-0.15756352674918972
23.7620925364078,-133,1.77617066517273,1,Left,-0.07161978488600007
23.7720879854369,-438,1.86211440703593,1,Left,0.08594374186319986
23.782083434466,-714,2.09129771867112,1,Left,0.22918331163519
23.7920788834951,-818,2.43507268612391,1,Left,0.3437749674527901
23.8020743325243,-702,2.80749556753109,1,Left,0.37242288140717994
23.8120697815534,-504,3.12262262102948,1,Left,0.3151270534983901
23.8220652305825,-336,3.39477780359627,1,Left,0.27215518256678983
23.8320606796116,-186,3.55234133034546,1,Left,0.15756352674919016
23.8420561286408,-72,3.59531320127706,1,Left,0.04297187093159982
23.8520515776699,13,3.55234133034546,1,Left,-0.04297187093159982
23.862047026699,41,3.42342571755067,1,Left,-0.12891561279479014
23.8720424757281,-10,3.26586219080147,1,Left,-0.15756352674919993
23.8820379247573,-117,3.12262262102948,1,Left,-0.14323956977198993
23.8920333737864,-197,3.05100283614348,1,Left,-0.07161978488600029
23.9020288228155,-207,3.05100283614348,1,Left,0.0
23.9120242718447,-162,3.03667887916628,1,Left,-0.014323956977199792
23.9220197208738,-147,2.99370700823468,1,Left,-0.04297187093159982
23.9320151699029,-160,2.89343930939429,1,Left,-0.10026769884039011
23.942010618932,-146,2.72155182566789,1,Left,-0.17188748372640017
23.9520060679612,-116,2.4780445570555,1,Left,-0.2435072686123898
23.9620015169903,-91,2.19156541751152,1,Left,-0.2864791395439803
23.9719969660194,-64,1.89076232099033,1,Left,-0.30080309652118986
23.9819924150485,-40,1.61860713842354,1,Left,-0.27215518256678983
23.9919878640777,-18,1.37509986981115,1,Left,-0.24350726861239003
24.0019833131068,-14,1.18888842910755,1,Left,-0.18621144070359996
24.0119787621359,-19,1.03132490235836,1,Left,-0.15756352674919016
24.021974211165,-30,0.902409289563565,1,Left,-0.1289156127947949
24.0319696601942,-35,0.802141590723169,1,Left,-0.10026769884039599
24.0419651092233,-20,0.701873891882773,1,Left,-0.10026769884039599
24.0519605582524,3,0.601606193042377,1,Left,-0.1002676988403961
24.0619560072815,22,0.51566245117918,1,Left,-0.08594374186319698
24.0719514563107,36,0.429718709315983,1,Left,-0.08594374186319698
24.0819469053398,41,0.358098924429986,1,Left,-0.07161978488599702
24.0919423543689,37,0.300803096521188,1,Left,-0.057295827908798
24.1019378033981,41,0.25783122558959,1,Left,-0.04297187093159799
24.1119332524272,59,0.214859354657992,1,Left,-0.04297187093159799
24.1219287014563,76,0.171887483726393,1,Left,-0.04297187093159899
24.1319241504854,73,0.114591655817596,1,Left,-0.057295827908797003
24.1419195995146,49,0.0429718709315983,1,Left,-0.07161978488599771
24.1519150485437,14,-0.0286479139543989,1,Left,-0.0716197848859972
24.1619104975728,-5,-0.114591655817596,1,,-0.0859437418631971
24.1719059466019,9,-0.214859354657992,1,,-0.10026769884039599
24.1819013956311,43,-0.286479139543989,1,,-0.07161978488599702
24.1918968446602,75,-0.343774967452787,1,,-0.057295827908798
24.2018922936893,95,-0.386746838384385,1,,-0.04297187093159799
24.2118877427184,107,-0.415394752338784,1,,-0.028647913954398974
24.2218831917476,125,-0.444042666293183,1,,-0.02864791395439903
24.2318786407767,147,-0.458366623270382,1,,-0.014323956977199015
24.2418740898058,170,-0.501338494201981,1,,-0.04297187093159893
24.2518695388349,193,-0.529986408156379,1,,-0.02864791395439803
24.2618649878641,209,-0.558634322110778,1,,-0.02864791395439903
24.2718604368932,209,-0.601606193042377,1,,-0.04297187093159893
24.2818558859223,200,-0.630254106996776,1,,-0.02864791395439903
24.2918513349515,168,-0.658902020951174,1,,-0.02864791395439803
24.3018467839806,175,-0.658902020951174,1,,0.0
24.3118422330097,178,-0.658902020951174,1,,0.0
24.3218376820388,166,-0.644578063973975,1,,0.014323956977199015
24.331833131068,126,-0.701873891882773,1,,-0.05729582790879806
24.3418285800971,31,-0.830789504677568,1,,-0.1289156127947949
24.3518240291262,-68,-1.05997281631276,1,,-0.229183311635192
24.3618194781553,-228,-1.43239569771994,1,,-0.37242288140717994
24.3718149271845,-390,-1.87643836401313,1,,-0.44404266629319
24.3818103762136,-519,-2.34912894426071,1,,-0.47269058024758004
24.3918058252427,-514,-2.80749556753109,1,,-0.45836662327038
24.4018012742718,-528,-3.13694657800668,1,,-0.3294510104755899
24.411796723301,-405,-3.32315801871027,1,,-0.1862114407035902
24.4217921723301,-293,-3.40910176057347,1,,-0.08594374186320008
24.4317876213592,-295,-3.50936945941386,1,Right,-0.10026769884038966
24.4417830703883,-100,-3.40910176057347,1,Right,0.10026769884038966
24.4517785194175,-74,-3.26586219080147,1,Right,0.14323956977200014
24.4617739684466,-76,-3.07965075009788,1,Right,0.1862114407035902
24.4717694174757,-67,-2.89343930939429,1,Right,0.18621144070358975
24.4817648665048,-86,-2.7072278686907,1,Right,0.1862114407035902
24.491760315534,-148,-2.5926362128731,1,Right,0.11459165581759967
24.5017557645631,-145,-2.42074872914671,1,Right,0.1718874837263904
24.5117512135922,-176,-2.29183311635191,1,Right,0.1289156127947999
24.5217466626214,-194,-2.20588937448871,1,Right,0.08594374186320008
24.5317421116505,-140,-2.13426958960272,1,Right,0.07161978488598963
24.5417375606796,-142,-2.01967793378512,1,Right,0.11459165581760011
24.5517330097087,-114,-1.87643836401313,1,Right,0.14323956977199015
24.5617284587379,-99,-1.66157900935514,1,Right,0.21485935465799
24.571723907767,-86,-1.38942382678835,1,Right,0.27215518256678983
24.5817193567961,-61,-1.10294468724436,1,Right,0.28647913954399007
24.5917148058252,-18,-0.816465547700368,1,Right,0.28647913954399196
24.6017102548544,14,-0.558634322110778,1,Right,0.25783122558959004
24.6117057038835,24,-0.300803096521188,1,Right,0.25783122558959004
24.6217011529126,23,-0.0716197848859972,1,Right,0.2291833116351908
24.6316966019417,26,0.128915612794795,1,Right,0.2005353976807922
24.6416920509709,32,0.343774967452787,1,,0.21485935465799202
24.6516875,38,0.572958279087978,1,,0.229183311635191
24.6616829490291,39,0.816465547700368,1,,0.24350726861239003
24.6716783980582,39,1.05997281631276,1,,0.24350726861239191
24.6816738470874,48,1.28915612794795,1,,0.22918331163519
24.6916692961165,59,1.48969152562874,1,,0.20053539768078998
24.7016647451456,63,1.67590296633234,1,,0.18621144070359996
24.7116601941747,55,1.83346649308153,1,,0.15756352674919016
24.7216556432039,56,1.96238210587632,1,,0.1289156127947899
24.731651092233,69,2.06264980471672,1,,0.10026769884039988
24.7416465412621,78,2.13426958960272,1,,0.07161978488600029
24.7516419902913,63,2.16291750355712,1,,0.02864791395440003
24.7616374393204,29,2.16291750355712,1,,0.0
24.7716328883495,-7,2.13426958960272,1,,-0.02864791395440003
24.7816283373786,-41,2.10562167564832,1,,-0.02864791395440003
24.7916237864078,-56,2.04832584773952,1,,-0.05729582790880006
24.8016192354369,-64,1.97670606285352,1,,-0.07161978488600007
24.811614684466,-19,1.93373419192193,1,,-0.04297187093159005
24.8216101334951,32,1.90508627796753,1,,-0.02864791395440003
24.8316055825243,62,1.91941023494473,1,,0.014323956977200014
24.8416010315534,89,1.97670606285352,1,,0.057295827908790065
24.8515964805825,121,2.09129771867112,1,,0.11459165581759989
24.8615919296116,147,2.24886124542031,1,,0.15756352674919016
24.8715873786408,169,2.42074872914671,1,,0.17188748372639973
24.8815828276699,190,2.5496643419415,1,,0.12891561279479014
24.891578276699,216,2.6356080838047,1,,0.08594374186320008
24.9015737257282,244,2.6785799547363,1,,0.04297187093159982
24.9115691747573,210,2.6929039117135,1,,0.014323956977200236
24.9215646237864,125,2.72155182566789,1,,0.028647913954389814
24.9315600728155,-10,2.80749556753109,1,,0.08594374186320008
24.9415555218447,-160,3.02235492218908,1,,0.21485935465799022
24.9515509708738,-260,3.36612988964187,1,,0.3437749674527897
24.9615464199029,-298,3.76720068500345,1,,0.40107079536157997
24.971541868932,-319,4.15394752338784,1,,0.3867468383843904
24.9815373179612,-322,4.46907457688623,1,,0.3151270534983901
24.9915327669903,-291,4.68393393154422,1,,0.21485935465798978
25.0015282160194,-233,4.81284954433901,1,,0.12891561279479014
25.0115236650485,-186,4.87014537224781,1,,0.05729582790880006
25.0215191140777,-148,4.91311724317941,1,,0.042971870931599376
25.0315145631068,-110,4.92744120015661,1,,0.01432395697720068
25.0415100121359,-94,4.95608911411101,1,,0.028647913954399584
25.051505461165,-106,4.98473702806541,1,,0.028647913954400472
25.0615009101942,-141,5.027708898997,1,,0.042971870931589606
25.0714963592233,-189,5.0850047269058,1,,0.05729582790880006
25.0814918082524,-210,5.1279765978374,1,Left,0.042971870931600264
25.0914872572816,-223,5.1279765978374,1,Left,0.0
25.1014827063107,-202,5.099328683883,1,Left,-0.028647913954400472
25.1114781553398,-147,5.01338494201981,1,Left,-0.08594374186318987
25.1214736043689,-99,4.88446932922501,1,Left,-0.1289156127947999
25.1314690533981,-83,4.71258184549862,1,Left,-0.1718874837263904
25.1414645024272,-82,4.48339853386343,1,Left,-0.22918331163518957
25.1514599514563,-80,4.22556730827384,1,Left,-0.25783122558959004
25.1614554004854,-58,3.93908816872985,1,Left,-0.28647913954399007
25.1714508495146,-9,3.63828507220866,1,Left,-0.30080309652118986
25.1814462985437,31,3.32315801871027,1,Left,-0.3151270534983901
25.1914417475728,54,3.05100283614348,1,Left,-0.2721551825667903
25.2014371966019,71,2.80749556753109,1,Left,-0.2435072686123898
25.2114326456311,68,2.5783122558959,1,Left,-0.22918331163519
25.2214280946602,53,2.37777685821511,1,Left,-0.20053539768078998
25.2314235436893,39,2.19156541751152,1,Left,-0.1862114407035902
25.2414189927184,38,2.03400189076232,1,Left,-0.15756352674919993
25.2514144417476,41,1.90508627796753,1,Left,-0.1289156127947899
25.2614098907767,41,1.79049462214993,1,Left,-0.11459165581759989
25.2714053398058,48,1.69022692330953,1,Left,-0.1002676988404001
25.2814007888349,62,1.58995922446914,1,Left,-0.10026769884038989
25.2913962378641,67,1.50401548260594,1,Left,-0.08594374186320008
25.3013916868932,69,1.41807174074275,1,Left,-0.08594374186318987
25.3113871359223,81,1.33212799887955,1,Left,-0.08594374186320008
25.3213825849515,91,1.26050821399355,1,Left,-0.07161978488600007
25.3313780339806,82,1.18888842910755,1,Left,-0.07161978488599985
25.3413734830097,66,1.13159260119876,1,Left,-0.057295827908790065
25.3513689320388,49,1.08862073026716,1,Left,-0.04297187093160004
25.361364381068,31,1.08862073026716,1,Left,0.0
25.3713598300971,25,1.13159260119876,1,Left,0.04297187093160004
25.3813552791262,24,1.20321238608475,1,Left,0.07161978488598986
25.3913507281553,24,1.30348008492515,1,Left,0.1002676988404001
25.4013461771845,47,1.41807174074275,1,Left,0.11459165581760011
25.4113416262136,100,1.51833943958314,1,Left,0.10026769884038989
25.4213370752427,162,1.58995922446914,1,Left,0.07161978488600007
25.4313325242718,190,1.60428318144634,1,Left,0.014323956977200014
25.441327973301,206,1.53266339656034,1,Left,-0.07161978488600007
25.4513234223301,185,1.37509986981115,1,Left,-0.15756352674918994
25.4613188713592,128,1.17456447213035,1,Left,-0.20053539768079998
25.4713143203883,74,0.974029074449562,1,Left,-0.2005353976807881
25.4813097694175,51,0.78781763374597,1,Left,-0.18621144070359197
25.4913052184466,67,0.658902020951174,1,Left,-0.12891561279479602
25.5013006674757,93,0.51566245117918,1,Left,-0.14323956977199404
25.5112961165048,87,0.358098924429986,1,Left,-0.157563526749194
25.521291565534,13,0.143239569771994,1,Left,-0.21485935465799197
25.5312870145631,-86,-0.171887483726393,1,Left,-0.315127053498387
25.5412824635922,-197,-0.630254106996776,1,,-0.45836662327038297
25.5512779126214,-342,-1.21753634306195,1,,-0.5872822360651739
25.5612733616505,-492,-1.86211440703593,1,,-0.64457806397398
25.5712688106796,-570,-2.5353403849643,1,,-0.6732259779283702
25.5812642597087,-602,-3.12262262102948,1,,-0.5872822360651799
25.5912597087379,-534,-3.58098924429986,1,,-0.45836662327038
25.601255157767,-368,-3.85314442686665,1,,-0.27215518256678983
25.6112506067961,-181,-3.96773608268425,1,,-0.11459165581760011
25.6212460558252,-56,-3.96773608268425,1,Right,0.0
25.6312415048544,1,-3.88179234082105,1,Right,0.08594374186320008
25.6412369538835,1,-3.72422881407186,1,Right,0.15756352674919016
25.6512324029126,-16,-3.58098924429986,1,Right,0.1432395697719997
25.6612278519417,-59,-3.42342571755067,1,Right,0.15756352674919016
25.6712233009709,-106,-3.29451010475587,1,Right,0.1289156127947999
25.68121875,-133,-3.19424240591548,1,Right,0.10026769884039011
25.6912141990291,-160,-3.09397470707508,1,Right,0.10026769884039988
25.7012096480582,-200,-2.96505909428028,1,Right,0.1289156127947999
25.7112050970874,-210,-2.82181952450829,1,Right,0.14323956977198993
25.7212005461165,-167,-2.6642559977591,1,Right,0.15756352674919016
25.7311959951456,-124,-2.4780445570555,1,Right,0.18621144070359996
25.7411914441748,-92,-2.26318520239751,1,Right,0.21485935465799022
25.7511868932039,-60,-2.01967793378512,1,Right,0.2435072686123898
25.761182342233,-28,-1.76184670819553,1,Right,0.25783122558959004
25.7711777912621,-1,-1.50401548260594,1,Right,0.25783122558959004
25.7811732402913,18,-1.26050821399355,1,Right,0.24350726861239003
25.7911686893204,34,-1.00267698840396,1,Right,0.25783122558959004
25.8011641383495,49,-0.78781763374597,1,Right,0.2148593546579899
25.8111595873786,60,-0.572958279087978,1,Right,0.214859354657992
25.8211550364078,59,-0.386746838384385,1,Right,0.18621144070359302
25.8311504854369,55,-0.200535397680792,1,Right,0.186211440703593
25.841145934466,55,0.0,1,Right,0.200535397680792
25.8511413834951,54,0.171887483726393,1,,0.171887483726393
25.8611368325243,51,0.358098924429986,1,,0.18621144070359297
25.8711322815534,47,0.51566245117918,1,,0.157563526749194
25.8811277305825,53,0.644578063973975,1,,0.12891561279479502
25.8911231796116,60,0.75916971979157,1,,0.114591655817595
25.9011186286408,70,0.816465547700368,1,,0.05729582790879806
25.9111140776699,76,0.873761375609166,1,,0.05729582790879795
25.921109526699,79,0.888085332586366,1,,0.014323956977200014
25.9311049757282,85,0.873761375609166,1,,-0.014323956977200014
25.9411004247573,82,0.830789504677568,1,,-0.042971870931598044
25.9510958737864,71,0.716197848859972,1,,-0.114591655817596
25.9610913228155,60,0.558634322110778,1,,-0.15756352674919394
25.9710867718447,51,0.358098924429986,1,,-0.20053539768079204
25.9810822208738,26,0.171887483726393,1,,-0.18621144070359297
25.9910776699029,-2,0.0,1,,-0.171887483726393
26.001073118932,-36,-0.114591655817596,1,,-0.114591655817596
26.0110685679612,-51,-0.143239569771994,1,,-0.028647913954398002
26.0210640169903,-19,-0.0716197848859972,1,,0.07161978488599681
26.0310594660194,50,0.0429718709315983,1,,0.1145916558175955
26.0410549150485,125,0.214859354657992,1,,0.1718874837263937
26.0510503640777,170,0.386746838384385,1,,0.171887483726393
26.0610458131068,199,0.558634322110778,1,,0.171887483726393
26.0710412621359,230,0.687549934905573,1,,0.12891561279479502
26.081036711165,243,0.802141590723169,1,,0.114591655817596
26.0910321601942,214,0.902409289563565,1,,0.10026769884039599
26.1010276092233,153,1.03132490235836,1,,0.1289156127947949
26.1110230582524,68,1.20321238608475,1,,0.17188748372638996
26.1210185072815,-22,1.41807174074275,1,,0.2148593546580002
26.1310139563107,-115,1.67590296633234,1,,0.2578312255895898
26.1410094053398,-210,1.96238210587632,1,,0.2864791395439801
26.1510048543689,-288,2.29183311635191,1,,0.3294510104755899
26.1610003033981,-343,2.6212841268275,1,,0.3294510104755899
26.1709957524272,-372,2.93641118032589,1,,0.3151270534983901
26.1809912014563,-386,3.20856636289268,1,,0.2721551825667903
26.1909866504854,-368,3.45207363150507,1,,0.2435072686123898
26.2009820995146,-322,3.65260902918586,1,,0.20053539768078998
26.2109775485437,-270,3.82449651291225,1,,0.17188748372638996
26.2209729975728,-210,3.96773608268425,1,,0.14323956977200014
26.2309684466019,-143,4.06800378152464,1,,0.10026769884038966
26.2409638956311,-94,4.15394752338784,1,,0.08594374186320053
26.2509593446602,-100,4.19691939431944,1,,0.042971870931599376
26.2609547936893,-147,4.22556730827384,1,,0.028647913954400472
26.2709502427184,-158,4.23989126525103,1,,0.014323956977190022
26.2809456917476,-134,4.23989126525103,1,,0.0
26.2909411407767,-113,4.19691939431944,1,,-0.042971870931590495
26.3009365898058,-104,4.11097565245624,1,,-0.08594374186319964
26.3109320388349,-123,4.01070795361585,1,,-0.10026769884038966
26.3209274878641,-140,3.86746838384385,1,,-0.14323956977200014
26.3309229368932,-140,3.70990485709466,1,,-0.15756352674919016
26.3409183859223,-134,3.50936945941386,1,,-0.2005353976808002
26.3509138349515,-117,3.26586219080147,1,,-0.2435072686123898
26.3609092839806,-83,3.00803096521188,1,,-0.25783122558959004
26.3709047330097,-50,2.75019973962229,1,,-0.25783122558959004
26.3809001820388,-18,2.4923685140327,1,,-0.25783122558959004
26.390895631068,-4,2.26318520239751,1,,-0.22918331163519
26.4008910800971,9,2.06264980471672,1,,-0.20053539768078998
26.4108865291262,18,1.90508627796753,1,,-0.15756352674918994
26.4208819781553,21,1.74752275121833,1,,-0.15756352674919993
26.4308774271845,23,1.61860713842354,1,,-0.1289156127947899
26.4408728762136,25,1.51833943958314,1,,-0.1002676988404001
26.4508683252427,30,1.43239569771994,1,,-0.08594374186320008
26.4608637742718,41,1.36077591283395,1,,-0.07161978488598986
26.470859223301,48,1.31780404190235,1,,-0.04297187093160004
26.4808546723301,60,1.27483217097075,1,,-0.04297187093160004
26.4908501213592,74,1.24618425701635,1,,-0.02864791395440003
29.009703276699,256,-1.56131131051474,2,,-2.80749556753109
29.0196987257281,232,-1.61860713842354,2,,-0.05729582790880006
29.0296941747573,142,-1.64725505237794,2,,-0.028647913954399806
29.0396896237864,-1,-1.69022692330953,2,,-0.04297187093159005
29.0496850728155,-168,-1.74752275121833,2,,-0.05729582790880006
29.0596805218447,-336,-1.90508627796753,2,,-0.15756352674919993
29.0696759708738,-497,-2.19156541751152,2,,-0.28647913954398985
29.0796714199029,-596,-2.6499320407819,2,,-0.45836662327038
29.089666868932,-698,-3.25153823382427,2,,-0.6016061930423704
29.0996623179612,-733,-3.85314442686665,2,,-0.6016061930423797
29.1096577669903,-640,-4.32583500711423,2,,-0.4726905802475798
29.1196532160194,-419,-4.64096206061262,2,,-0.3151270534983901
29.1296486650485,-216,-4.76987767340742,2,Right,-0.1289156127947999
29.1396441140777,-98,-4.75555371643022,2,Right,0.014323956977199792
29.1496395631068,-22,-4.62663810363542,2,Right,0.1289156127947999
29.1596350121359,-6,-4.42610270595463,2,Right,0.20053539768078998
29.169630461165,-29,-4.21124335129664,2,Right,0.21485935465798978
29.1796259101942,-55,-4.01070795361585,2,Right,0.20053539768078998
29.1896213592233,-82,-3.82449651291225,2,Right,0.1862114407036004
29.1996168082524,-114,-3.66693298616306,2,Right,0.15756352674918972
29.2096122572815,-163,-3.53801737336826,2,Right,0.12891561279480035
29.2196077063107,-205,-3.43774967452787,2,Right,0.10026769884038966
29.2296031553398,-196,-3.33748197568747,2,Right,0.10026769884040032
29.2395986043689,-139,-3.20856636289268,2,Right,0.1289156127947897
29.2495940533981,-79,-3.03667887916628,2,Right,0.17188748372640017
29.2595895024272,-41,-2.80749556753109,2,Right,0.22918331163519
29.2695849514563,-29,-2.5210164279871,2,Right,0.28647913954399007
29.2795804004854,-29,-2.22021333146591,2,Right,0.30080309652118986
29.2895758495146,-51,-1.93373419192193,2,Right,0.2864791395439801
29.2995712985437,-82,-1.67590296633234,2,Right,0.25783122558959004
29.3095667475728,-103,-1.43239569771994,2,Right,0.24350726861240002
29.3195621966019,-94,-1.21753634306195,2,Right,0.21485935465799
29.3295576456311,-56,-1.01700094538116,2,Right,0.20053539768078998
29.3395530946602,0,-0.816465547700368,2,Right,0.20053539768079187
29.3495485436893,55,-0.601606193042377,2,Right,0.2148593546579911
29.3595439927184,91,-0.386746838384385,2,Right,0.21485935465799194
29.3695394417476,103,-0.186211440703593,2,Right,0.200535397680792
29.3795348907767,114,-0.0286479139543989,2,Right,0.1575635267491941
29.3895303398058,117,0.100267698840396,2,Right,0.1289156127947949
29.3995257888349,101,0.186211440703593,2,,0.08594374186319699
29.4095212378641,84,0.229183311635191,2,,0.042971870931598016
29.4195166868932,46,0.243507268612391,2,,0.014323956977199986
29.4295121359223,-7,0.229183311635191,2,,-0.014323956977199986
29.4395075849515,-32,0.200535397680792,2,,-0.028647913954399
29.4495030339806,-35,0.143239569771994,2,,-0.057295827908798
29.4594984830097,-29,0.0429718709315983,2,,-0.10026769884039571
29.4694939320388,17,-0.0859437418631967,2,,-0.128915612794795
29.479489381068,85,-0.243507268612391,2,,-0.1575635267491943
29.4894848300971,102,-0.372422881407186,2,,-0.128915612794795
29.4994802791262,96,-0.401070795361584,2,,-0.02864791395439803
29.5094757281553,114,-0.300803096521188,2,,0.10026769884039605
29.5194711771845,124,-0.100267698840396,2,,0.20053539768079198
29.5294666262136,120,0.128915612794795,2,,0.229183311635191
29.5394620752427,156,0.372422881407186,2,,0.243507268612391
29.5494575242718,229,0.587282236065177,2,,0.21485935465799105
29.559452973301,227,0.75916971979157,2,,0.17188748372639295
29.5694484223301,107,0.888085332586366,2,,0.12891561279479602
29.5794438713592,-57,1.00267698840396,2,,0.1145916558175939
29.5894393203883,-231,1.21753634306195,2,,0.21485935465799
29.5994347694175,-371,1.53266339656034,2,,0.3151270534983901
29.6094302184466,-455,1.90508627796753,2,,0.37242288140718993
29.6194256674757,-471,2.33480498728351,2,,0.4297187093159802
29.6294211165048,-447,2.76452369659949,2,,0.42971870931598
29.639416565534,-383,3.12262262102948,2,,0.3580989244299899
29.6494120145631,-287,3.38045384661907,2,,0.25783122558959004
29.6594074635922,-170,3.55234133034546,2,,0.17188748372638996
29.6694029126214,-74,3.65260902918586,2,,0.10026769884039988
29.6793983616505,-32,3.69558090011746,2,Left,0.042971870931600264
29.6893938106796,-47,3.69558090011746,2,Left,0.0
29.6993892597087,-88,3.69558090011746,2,Left,0.0
29.7093847087379,-131,3.69558090011746,2,Left,0.0
29.719380157767,-149,3.72422881407186,2,Left,0.028647913954399584
29.7293756067961,-147,3.72422881407186,2,Left,0.0
29.7393710558252,-166,3.68125694314026,2,Left,-0.04297187093159982
29.7493665048544,-200,3.56666528732266,2,Left,-0.11459165581760011
29.7593619538835,-213,3.40910176057347,2,Left,-0.15756352674918972
29.7693574029126,-200,3.19424240591548,2,Left,-0.21485935465799022
29.7793528519417,-172,2.96505909428028,2,Left,-0.22918331163519978
29.7893483009709,-133,2.6929039117135,2,Left,-0.27215518256678006
29.79934375,-89,2.42074872914671,2,Left,-0.2721551825667903
29.8093391990291,-90,2.17724146053432,2,Left,-0.2435072686123898
29.8193346480583,-22,1.87643836401313,2,Left,-0.3008030965211901
29.8293300970874,0,1.63293109540074,2,Left,-0.2435072686123898
29.8393255461165,-2,1.41807174074275,2,Left,-0.21485935465799
29.8493209951456,0,1.20321238608475,2,Left,-0.2148593546580002
29.8593164441748,-15,1.04564885933556,2,Left,-0.15756352674918994
29.8693118932039,-11,0.888085332586366,2,Left,-0.15756352674919394
29.879307342233,-8,0.730521805837172,2,Left,-0.15756352674919405
29.8893027912621,5,0.572958279087978,2,Left,-0.15756352674919394
29.8992982402913,42,0.429718709315983,2,Left,-0.14323956977199503
29.9092936893204,63,0.300803096521188,2,Left,-0.12891561279479502
29.9192891383495,63,0.157563526749194,2,Left,-0.14323956977199398
29.9292845873786,74,0.0429718709315983,2,Left,-0.1145916558175957
29.9392800364078,84,-0.0143239569771994,2,Left,-0.0572958279087977
29.9492754854369,82,-0.114591655817596,2,,-0.1002676988403966
29.959270934466,72,-0.200535397680792,2,,-0.085943741863196
29.9692663834951,60,-0.25783122558959,2,,-0.057295827908797975
29.9792618325243,48,-0.300803096521188,2,,-0.04297187093159799
29.9892572815534,41,-0.329451010475587,2,,-0.02864791395439903
29.9992527305825,35,-0.329451010475587,2,,0.0
30.0092481796116,40,-0.315127053498388,2,,0.014323956977199015
30.0192436286408,51,-0.272155182566789,2,,0.04297187093159899
30.0292390776699,67,-0.214859354657992,2,,0.057295827908797003
30.039234526699,88,-0.143239569771994,2,,0.07161978488599799
30.0492299757281,104,-0.0716197848859972,2,,0.07161978488599681
30.0592254247573,118,-0.0143239569771994,2,,0.057295827908797795
30.0692208737864,136,0.0,2,,0.0143239569771994
30.0792163228155,145,-0.0429718709315983,2,,-0.0429718709315983
30.0892117718447,136,-0.114591655817596,2,,-0.07161978488599771
30.0992072208738,122,-0.229183311635191,2,,-0.114591655817595
30.1092026699029,113,-0.315127053498388,2,,-0.08594374186319698
30.119198118932,94,-0.358098924429986,2,,-0.04297187093159799
30.1291935679612,62,-0.372422881407186,2,,-0.014323956977200014
30.1391890169903,21,-0.401070795361584,2,,-0.02864791395439803
30.1491844660194,-40,-0.458366623270382,2,,-0.057295827908798
30.1591799150485,-139,-0.572958279087978,2,,-0.114591655817596
30.1691753640777,-313,-0.830789504677568,2,,-0.25783122558958993
30.1791708131068,-523,-1.21753634306195,2,,-0.38674683838438195
30.1891662621359,-662,-1.67590296633234,2,,-0.45836662327039
30.199161711165,-699,-2.17724146053432,2,,-0.5013384942019801
30.2091571601942,-640,-2.6356080838047,2,,-0.45836662327038
30.2191526092233,-463,-2.99370700823468,2,,-0.35809892442998015
30.2291480582524,-255,-3.20856636289268,2,,-0.214859354658
30.2391435072815,-104,-3.29451010475587,2,Right,-0.08594374186318987
30.2491389563107,3,-3.26586219080147,2,Right,0.02864791395440003
30.2591344053398,32,-3.13694657800668,2,Right,0.12891561279479014
30.2691298543689,5,-2.97938305125748,2,Right,0.15756352674919993
30.2791253033981,-25,-2.82181952450829,2,Right,0.15756352674918972
30.2891207524272,-53,-2.6929039117135,2,Right,0.12891561279479014
30.2991162014563,-97,-2.5926362128731,2,Right,0.10026769884039988
30.3091116504854,-150,-2.5066924710099,2,Right,0.08594374186320008
30.3191070995146,-188,-2.42074872914671,2,Right,0.08594374186319031
30.3291025485437,-212,-2.32048103030631,2,Right,0.10026769884039988
30.3390979975728,-226,-2.20588937448871,2,Right,0.11459165581760011
30.3490934466019,-217,-2.03400189076232,2,Right,0.17188748372638996
30.3590888956311,-177,-1.79049462214993,2,Right,0.2435072686123898
30.3690843446602,-129,-1.51833943958314,2,Right,0.27215518256679005
30.3790797936893,-92,-1.23186030003915,2,Right,0.28647913954399007
30.3890752427184,-55,-0.931057203517964,2,Right,0.300803096521186
30.3990706917476,-32,-0.658902020951174,2,Right,0.27215518256678994
30.4090661407767,-20,-0.415394752338784,2,Right,0.24350726861239003
30.4190615898058,-11,-0.200535397680792,2,Right,0.21485935465799197
30.4290570388349,3,-0.0143239569771994,2,Right,0.1862114407035926
30.4390524878641,11,0.157563526749194,2,Right,0.1718874837263934
30.4490479368932,19,0.315127053498388,2,,0.157563526749194
30.4590433859223,33,0.487014537224781,2,,0.171887483726393
30.4690388349515,48,0.658902020951174,2,,0.171887483726393
30.4790342839806,69,0.830789504677568,2,,0.17188748372639395
30.4890297330097,87,0.974029074449562,2,,0.14323956977199404
30.4990251820388,95,1.10294468724436,2,,0.12891561279479802
30.509020631068,99,1.20321238608475,2,,0.10026769884038989
30.5190160800971,102,1.26050821399355,2,,0.05729582790880006
30.5290115291262,94,1.27483217097075,2,,0.014323956977200014
30.5390069781553,82,1.27483217097075,2,,0.0
30.5490024271845,61,1.24618425701635,2,,-0.02864791395440003
30.5589978762136,28,1.18888842910755,2,,-0.057295827908799835
30.5689933252427,-33,1.10294468724436,2,,-0.08594374186319009
30.5789887742718,-74,1.01700094538116,2,,-0.08594374186320008
30.588984223301,-31,0.931057203517964,2,,-0.08594374186319598
30.5989796723301,36,0.845113461654767,2,,-0.08594374186319698
30.6089751213592,68,0.75916971979157,2,,-0.08594374186319698
30.6189705703883,93,0.730521805837172,2,,-0.02864791395439803
30.6289660194175,130,0.78781763374597,2,,0.05729582790879806
30.6389614684466,167,0.945381160495163,2,,0.15756352674919294
30.6489569174757,195,1.11726864422156,2,,0.17188748372639706
30.6589523665049,213,1.27483217097075,2,,0.15756352674918994
30.668947815534,254,1.38942382678835,2,,0.11459165581760011
30.6789432645631,293,1.46104361167434,2,,0.07161978488598986
30.6889387135922,289,1.47536756865154,2,,0.014323956977200014
30.6989341626214,252,1.44671965469714,2,,-0.02864791395440003
30.7089296116505,171,1.44671965469714,2,,0.0
30.7189250606796,38,1.50401548260594,2,,0.05729582790880006
30.7289205097087,-121,1.69022692330953,2,,0.18621144070358997
30.7389159587379,-262,2.01967793378512,2,,0.3294510104755901
30.748911407767,-404,2.40642477216951,2,,0.38674683838438995
30.7589068567961,-558,2.87911535241709,2,,0.4726905802475798
30.7689023058252,-622,3.32315801871027,2,,0.44404266629318023
30.7788977548544,-583,3.68125694314026,2,,0.3580989244299899
30.7888932038835,-467,3.89611629779825,2,,0.21485935465799022
30.7988886529126,-311,4.02503191059304,2,,0.12891561279479014
30.8088841019417,-170,4.05367982454744,2,Left,0.028647913954399584
30.8188795509709,-76,4.03935586757024,2,Left,-0.014323956977199792
30.828875,-11,3.98206003966145,2,Left,-0.05729582790879029
30.8388704490291,14,3.91044025477545,2,Left,-0.07161978488599985
30.8488658980582,-14,3.86746838384385,2,Left,-0.04297187093159982
30.8588613470874,-88,3.85314442686665,2,Left,-0.014323956977200236
30.8688567961165,-157,3.85314442686665,2,Left,0.0
30.8788522451456,-197,3.82449651291225,2,Left,-0.02864791395440003
30.8888476941748,-209,3.75287672802625,2,Left,-0.07161978488599985
30.8988431432039,-205,3.62396111523146,2,Left,-0.12891561279479014
30.908838592233,-203,3.45207363150507,2,Left,-0.17188748372638996
30.9188340412621,-196,3.23721427684707,2,Left,-0.214859354658
30.9288294902913,-168,2.99370700823468,2,Left,-0.2435072686123898
30.9388249393204,-122,2.7072278686907,2,Left,-0.2864791395439803
30.9488203883495,-62,2.39210081519231,2,Left,-0.31512705349838965
30.9588158373786,-7,2.07697376169392,2,Left,-0.3151270534983901
30.9688112864078,26,1.76184670819553,2,Left,-0.3151270534983901
30.9788067354369,46,1.46104361167434,2,Left,-0.3008030965211901
30.988802184466,55,1.21753634306195,2,Left,-0.24350726861239003
30.9987976334951,56,0.988353031426762,2,Left,-0.2291833116351879
31.0087930825243,48,0.78781763374597,2,Left,-0.20053539768079198
31.0187885315534,38,0.630254106996776,2,Left,-0.15756352674919405
31.0287839805825,36,0.472690580247582,2,Left,-0.157563526749194
31.0387794296116,40,0.343774967452787,2,Left,-0.12891561279479496
31.0487748786408,50,0.229183311635191,2,Left,-0.114591655817596
31.0587703276699,58,0.114591655817596,2,Left,-0.114591655817595
31.068765776699,70,0.0143239569771994,2,Left,-0.1002676988403966
31.0787612257282,80,-0.0572958279087978,2,Left,-0.0716197848859972
31.0887566747573,88,-0.157563526749194,2,,-0.10026769884039619
31.0987521237864,84,-0.243507268612391,2,,-0.085943741863197
31.1087475728155,73,-0.329451010475587,2,,-0.085943741863196
31.1187430218447,69,-0.415394752338784,2,,-0.08594374186319698
31.1287384708738,59,-0.501338494201981,2,,-0.08594374186319698
31.1387339199029,38,-0.587282236065177,2,,-0.08594374186319609
31.148729368932,35,-0.644578063973975,2,,-0.05729582790879795
31.1587248179612,50,-0.658902020951174,2,,-0.014323956977199015
31.1687202669903,73,-0.658902020951174,2,,0.0
31.1787157160194,88,-0.644578063973975,2,,0.014323956977199015
31.1887111650485,85,-0.615930150019576,2,,0.02864791395439903
31.1987066140777,91,-0.615930150019576,2,,0.0
31.2087020631068,102,-0.644578063973975,2,,-0.02864791395439903
31.2186975121359,119,-0.701873891882773,2,,-0.05729582790879806
31.228692961165,141,-0.77349367676877,2,,-0.07161978488599696
31.2386884101942,151,-0.845113461654767,2,,-0.07161978488599696
31.2486838592233,145,-0.931057203517964,2,,-0.08594374186319698
31.2586793082524,135,-0.974029074449562,2,,-0.042971870931598044
31.2686747572815,128,-0.988353031426762,2,,-0.014323956977200014
31.2786702063107,133,-0.974029074449562,2,,0.014323956977200014
31.2886656553398,130,-0.959705117472363,2,,0.014323956977199015
31.2986611043689,68,-0.959705117472363,2,,0.0
31.308656553398,-47,-1.04564885933556,2,,-0.08594374186319698
31.3186520024272,-176,-1.20321238608475,2,,-0.15756352674918994
31.3286474514563,-300,-1.48969152562874,2,,-0.28647913954399007
31.3386429004854,-480,-1.94805814889912,2,,-0.45836662327038
31.3486383495146,-672,-2.5210164279871,2,,-0.5729582790879799
31.3586337985437,-802,-3.09397470707508,2,,-0.5729582790879801
31.3686292475728,-821,-3.60963715825426,2,,-0.5156624511791801
31.3786246966019,-696,-3.96773608268425,2,,-0.3580989244299899
31.3886201456311,-451,-4.16827148036504,2,,-0.20053539768078998
31.3986155946602,-196,-4.23989126525103,2,Right,-0.07161978488599008
31.4086110436893,-33,-4.21124335129664,2,Right,0.028647913954389814
31.4186064927184,28,-4.09665169547904,2,Right,0.11459165581760011
31.4286019417476,49,-3.93908816872985,2,Right,0.15756352674919016
31.4385973907767,65,-3.78152464198065,2,Right,0.15756352674919993
31.4485928398058,76,-3.62396111523146,2,Right,0.15756352674919016
31.4585882888349,51,-3.49504550243666,2,Right,0.1289156127947999
31.4685837378641,-19,-3.38045384661907,2,Right,0.1145916558175899
31.4785791868932,-113,-3.28018614777867,2,Right,0.10026769884040032
31.4885746359223,-191,-3.16559449196108,2,Right,0.1145916558175899
31.4985700849515,-234,-3.05100283614348,2,Right,0.11459165581760011
31.5085655339806,-245,-2.89343930939429,2,Right,0.15756352674918972
31.5185609830097,-228,-2.6785799547363,2,Right,0.21485935465799022
31.5285564320388,-191,-2.42074872914671,2,Right,0.25783122558959004
31.538551881068,-144,-2.13426958960272,2,Right,0.2864791395439896
31.5485473300971,-98,-1.83346649308153,2,Right,0.3008030965211901
31.5585427791262,-65,-1.54698735353754,2,Right,0.28647913954399007
31.5685382281553,-47,-1.28915612794795,2,Right,0.25783122558959004
31.5785336771845,-39,-1.05997281631276,2,Right,0.22918331163519
31.5885291262136,-23,-0.873761375609166,2,Right,0.18621144070359397
31.5985245752427,1,-0.701873891882773,2,Right,0.17188748372639295
31.6085200242718,28,-0.558634322110778,2,Right,0.14323956977199503
31.618515473301,38,-0.401070795361584,2,Right,0.157563526749194
31.6285109223301,50,-0.25783122558959,2,Right,0.14323956977199404
31.6385063713592,63,-0.114591655817596,2,Right,0.14323956977199398
31.6485018203883,76,0.0,2,Right,0.114591655817596
31.6584972694175,85,0.100267698840396,2,,0.100267698840396
31.6684927184466,100,0.171887483726393,2,,0.071619784885997
31.6784881674757,110,0.229183311635191,2,,0.057295827908798
31.6884836165048,114,0.243507268612391,2,,0.014323956977199986
31.698479065534,105,0.243507268612391,2,,0.0
31.7084745145631,96,0.214859354657992,2,,-0.028647913954399
31.7184699635922,78,0.157563526749194,2,,-0.057295827908798
31.7284654126214,51,0.0716197848859972,2,,-0.0859437418631968
31.7384608616505,22,-0.0286479139543989,2,,-0.1002676988403961
31.7484563106796,14,-0.157563526749194,2,,-0.1289156127947951
31.7584517597087,0,-0.286479139543989,2,,-0.12891561279479502
31.7684472087379,-35,-0.372422881407186,2,,-0.08594374186319698
31.778442657767,-53,-0.415394752338784,2,,-0.04297187093159799
31.7884381067961,-17,-0.386746838384385,2,,0.028647913954398974
31.7984335558252,52,-0.272155182566789,2,,0.114591655817596
31.8084290048544,127,-0.128915612794795,2,,0.143239569771994
31.8184244538835,172,0.0429718709315983,2,,0.1718874837263933
31.8284199029126,208,0.200535397680792,2,,0.15756352674919372
31.8384153519417,258,0.343774967452787,2,,0.143239569771995
31.8484108009709,317,0.429718709315983,2,,0.08594374186319598
31.85840625,374,0.444042666293183,2,,0.014323956977200014
31.8684016990291,383,0.444042666293183,2,,0.0
31.8783971480582,309,0.444042666293183,2,,0.0
31.8883925970874,177,0.487014537224781,2,,0.04297187093159799
31.8983880461165,33,0.601606193042377,2,,0.11459165581759595
31.9083834951456,-80,0.77349367676877,2,,0.17188748372639306
31.9183789441748,-167,0.974029074449562,2,,0.20053539768079198
31.9283743932039,-279,1.23186030003915,2,,0.25783122558958793
31.938369842233,-390,1.54698735353754,2,,0.3151270534983901
31.9483652912621,-502,1.87643836401313,2,,0.3294510104755899
31.9583607402913,-558,2.22021333146591,2,,0.34377496745278013
31.9683561893204,-527,2.5066924710099,2,,0.28647913954399007
31.9783516383495,-474,2.73587578264509,2,,0.22918331163519
31.9883470873786,-438,2.92208722334869,2,,0.18621144070359996
31.9983425364078,-368,3.09397470707508,2,,0.17188748372638996
32.0083379854369,-246,3.23721427684707,2,,0.14323956977198993
32.018333434466,-144,3.36612988964187,2,,0.1289156127947999
32.0283288834951,-93,3.49504550243666,2,,0.12891561279479014
32.0383243325243,-75,3.59531320127706,2,,0.10026769884039988
32.0483197815534,-96,3.66693298616306,2,,0.07161978488600029
32.0583152305825,-135,3.70990485709466,2,Left,0.04297187093159982
32.0683106796116,-166,3.70990485709466,2,Left,0.0
32.0783061286408,-181,3.68125694314026,2,Left,-0.02864791395440003
32.0883015776699,-187,3.62396111523146,2,Left,-0.05729582790880006
32.098297026699,-206,3.50936945941386,2,Left,-0.11459165581760011
32.1082924757282,-222,3.38045384661907,2,Left,-0.1289156127947897
32.1182879247573,-205,3.23721427684707,2,Left,-0.14323956977200014
32.1282833737864,-162,3.05100283614348,2,Left,-0.1862114407035902
32.1382788228155,-114,2.86479139543989,2,Left,-0.18621144070358975
32.1482742718447,-69,2.6499320407819,2,Left,-0.21485935465799022
32.1582697208738,-32,2.44939664310111,2,Left,-0.20053539768078998
32.1682651699029,-17,2.23453728844311,2,Left,-0.214859354658
32.178260618932,-18,2.04832584773952,2,Left,-0.18621144070358975
32.1882560679612,-25,1.86211440703593,2,Left,-0.1862114407035902
32.1982515169903,-34,1.71887483726393,2,Left,-0.14323956977199992
32.2082469660194,-39,1.60428318144634,2,Left,-0.1145916558175899
32.2182424150485,-34,1.51833943958314,2,Left,-0.08594374186320008
32.2282378640777,-22,1.46104361167434,2,Left,-0.05729582790880006
32.2382333131068,-18,1.43239569771994,2,Left,-0.02864791395440003
32.2482287621359,-17,1.41807174074275,2,Left,-0.0143239569771898
32.258224211165,-12,1.41807174074275,2,Left,0.0
32.2682196601942,-10,1.43239569771994,2,Left,0.0143239569771898
32.2782151092233,-9,1.44671965469714,2,Left,0.014323956977200014
32.2882105582524,-3,1.46104361167434,2,Left,0.014323956977200014
32.2982060072815,-3,1.48969152562874,2,Left,0.02864791395440003
32.3082014563107,-13,1.53266339656034,2,Left,0.04297187093160004
32.3181969053398,-2,1.57563526749194,2,Left,0.04297187093160004
32.3281923543689,8,1.61860713842354,2,Left,0.04297187093160004
32.3381878033981,14,1.67590296633234,2,Left,0.057295827908799835
32.3481832524272,20,1.71887483726393,2,Left,0.04297187093159005
32.3581787014563,11,1.77617066517273,2,Left,0.05729582790880006
32.3681741504854,-2,1.83346649308153,2,Left,0.05729582790880006
32.3781695995146,5,1.87643836401313,2,Left,0.04297187093159982
32.3881650485437,29,1.90508627796753,2,Left,0.02864791395440003
32.3981604975728,75,1.90508627796753,2,Left,0.0
32.4081559466019,97,1.87643836401313,2,Left,-0.02864791395440003
32.4181513956311,87,1.81914253610433,2,Left,-0.057295827908799835
32.4281468446602,86,1.74752275121833,2,Left,-0.07161978488600007
32.4381422936893,93,1.69022692330953,2,Left,-0.05729582790880006
32.4481377427184,86,1.66157900935514,2,Left,-0.028647913954390036
32.4581331917476,62,1.63293109540074,2,Left,-0.028647913954399806
32.4681286407767,48,1.64725505237794,2,Left,0.014323956977199792
32.4781240898058,49,1.66157900935514,2,Left,0.014323956977200014
32.488119538835,51,1.70455088028673,2,Left,0.04297187093159005
32.4981149878641,34,1.71887483726393,2,Left,0.014323956977200014
32.5081104368932,45,1.71887483726393,2,Left,0.0
32.5181058859223,46,1.71887483726393,2,Left,0.0
32.5281013349515,79,1.70455088028673,2,Left,-0.014323956977200014
32.5380967839806,110,1.67590296633234,2,Left,-0.028647913954390036
32.5480922330097,131,1.66157900935514,2,Left,-0.014323956977200014
32.5580876820388,131,1.64725505237794,2,Left,-0.014323956977200014
32.568083131068,170,1.60428318144634,2,Left,-0.04297187093159982
32.5780785800971,195,1.56131131051474,2,Left,-0.04297187093160004
32.5880740291262,194,1.53266339656034,2,Left,-0.02864791395440003
32.5980694781553,211,1.47536756865154,2,Left,-0.05729582790880006
32.6080649271845,235,1.38942382678835,2,Left,-0.08594374186318987
32.6180603762136,232,1.28915612794795,2,Left,-0.1002676988404001
32.6280558252427,230,1.21753634306195,2,Left,-0.07161978488600007
32.6380512742718,254,1.13159260119876,2,Left,-0.08594374186318987
32.648046723301,261,1.00267698840396,2,Left,-0.12891561279480013
32.6580421723301,256,0.873761375609166,2,Left,-0.1289156127947939
32.6680376213592,222,0.744845762814371,2,Left,-0.12891561279479502
32.6780330703883,164,0.615930150019576,2,Left,-0.12891561279479502
32.6880285194175,-85,0.386746838384385,2,Left,-0.22918331163519096
32.6980239684466,-82,0.114591655817596,2,Left,-0.272155182566789
32.7080194174757,-281,-0.128915612794795,2,Left,-0.243507268612391
32.7180148665048,-477,-0.544310365133579,2,,-0.415394752338784
32.728010315534,-606,-1.23186030003915,2,,-0.6875499349055709
32.7380057645631,-755,-2.03400189076232,2,,-0.8021415907231699
32.7480012135922,-754,-2.73587578264509,2,,-0.7018738918827703
32.7579966626214,-537,-3.29451010475587,2,,-0.5586343221107799
32.7679921116505,-323,-3.70990485709466,2,,-0.41539475233879
32.7779875606796,-208,-4.02503191059304,2,,-0.3151270534983803
32.7879830097087,-215,-4.28286313618263,2,,-0.25783122558959004
32.7979784587379,-281,-4.54069436177222,2,,-0.25783122558959004
32.807973907767,-303,-4.75555371643022,2,,-0.21485935465799955
32.8179693567961,-297,-4.91311724317941,2,,-0.15756352674918972
32.8279648058252,-281,-4.97041307108821,2,,-0.05729582790880006
32.8379602548544,-291,-4.91311724317941,2,,0.05729582790880006
32.8479557038835,-300,-4.79852558736181,2,,0.11459165581760011
32.8579511529126,-281,-4.66960997456702,2,,0.12891561279478925
32.8679466019417,-270,-4.51204644781783,2,,0.1575635267491906
32.8779420509709,-285,-4.35448292106863,2,,0.1575635267491995
32.8879375,-334,-4.18259543734224,2,,0.1718874837263904
32.8979329490291,-388,-3.98206003966145,2,,0.20053539768078998
32.9079283980582,-414,-3.73855277104906,2,,0.2435072686123898
32.9179238470874,-413,-3.43774967452787,2,,0.30080309652118986
32.9279192961165,-389,-3.09397470707508,2,,0.3437749674527901
32.9379147451456,-348,-2.72155182566789,2,,0.37242288140719015
32.9479101941747,-301,-2.36345290123791,2,,0.3580989244299797
32.9579056432039,-249,-2.03400189076232,2,,0.32945101047559033
32.967901092233,-225,-1.76184670819553,2,,0.27215518256678983
32.9778965412621,-206,-1.54698735353754,2,,0.21485935465799
32.9878919902913,-138,-1.41807174074275,2,,0.1289156127947899
32.9978874393204,-48,-1.36077591283395,2,,0.05729582790880006
35.0069726941748,328,1.69022692330953,3,,3.0510028361434802
35.0169681432039,342,1.76184670819553,3,,0.07161978488600007
35.026963592233,216,1.77617066517273,3,,0.014323956977200014
35.0369590412621,47,1.77617066517273,3,,0.0
35.0469544902913,-103,1.83346649308153,3,,0.05729582790880006
35.0569499393204,-193,1.96238210587632,3,,0.1289156127947899
35.0669453883495,-254,2.16291750355712,3,,0.2005353976808002
35.0769408373786,-340,2.37777685821511,3,,0.21485935465798978
35.0869362864078,-397,2.6499320407819,3,,0.27215518256678983
35.0969317354369,-430,2.92208722334869,3,,0.2721551825667903
35.106927184466,-456,3.15127053498388,3,,0.22918331163519
35.1169226334951,-432,3.28018614777867,3,,0.1289156127947897
35.1269180825243,-339,3.33748197568747,3,Left,0.05729582790880006
35.1369135315534,-217,3.32315801871027,3,Left,-0.014323956977199792
35.1469089805825,-132,3.26586219080147,3,Left,-0.05729582790880006
35.1569044296116,-94,3.20856636289268,3,Left,-0.05729582790878984
35.1668998786408,-98,3.15127053498388,3,Left,-0.05729582790880006
35.1768953276699,-118,3.12262262102948,3,Left,-0.02864791395440003
35.186890776699,-124,3.10829866405228,3,Left,-0.014323956977200236
35.1968862257281,-148,3.05100283614348,3,Left,-0.05729582790880006
35.2068816747573,-182,2.97938305125748,3,Left,-0.07161978488599985
35.2168771237864,-181,2.87911535241709,3,Left,-0.10026769884039011
35.2268725728155,-182,2.76452369659949,3,Left,-0.11459165581759967
35.2368680218447,-80,2.6356080838047,3,Left,-0.12891561279479014
35.2468634708738,-39,2.4780445570555,3,Left,-0.15756352674919993
35.2568589199029,-42,2.34912894426071,3,Left,-0.12891561279479014
35.266854368932,-10,2.16291750355712,3,Left,-0.18621144070358975
35.2768498179612,25,1.93373419192193,3,Left,-0.22918331163519023
35.2868452669903,5,1.73319879424113,3,Left,-0.20053539768079998
35.2968407160194,5,1.57563526749194,3,Left,-0.15756352674918994
35.3068361650485,-24,1.37509986981115,3,Left,-0.20053539768078998
35.3168316140777,-52,1.21753634306195,3,Left,-0.15756352674920016
35.3268270631068,-22,1.07429677328996,3,Left,-0.14323956977198993
35.3368225121359,-23,0.945381160495163,3,Left,-0.12891561279479702
35.346817961165,22,0.802141590723169,3,Left,-0.14323956977199392
35.3568134101942,103,0.673225977928374,3,Left,-0.12891561279479502
35.3668088592233,103,0.51566245117918,3,Left,-0.15756352674919405
35.3768043082524,120,0.386746838384385,3,Left,-0.12891561279479496
35.3867997572816,120,0.243507268612391,3,Left,-0.143239569771994
35.3967952063107,73,0.171887483726393,3,Left,-0.07161978488599799
35.4067906553398,73,0.0572958279087978,3,Left,-0.1145916558175952
35.4167861043689,20,0.0,3,Left,-0.0572958279087978
35.4267815533981,-17,-0.0716197848859972,3,,-0.0716197848859972
35.4367770024272,-42,-0.143239569771994,3,,-0.07161978488599681
35.4467724514563,-48,-0.186211440703593,3,,-0.04297187093159899
35.4567679004854,-30,-0.200535397680792,3,,-0.014323956977199015
35.4667633495146,15,-0.186211440703593,3,,0.014323956977199015
35.4767587985437,59,-0.157563526749194,3,,0.028647913954399
35.4867542475728,88,-0.0859437418631967,3,,0.0716197848859973
35.4967496966019,131,-0.0143239569771994,3,,0.0716197848859973
35.5067451456311,177,0.0429718709315983,3,,0.0572958279087977
35.5167405946602,191,0.0429718709315983,3,,0.0
35.5267360436893,189,-0.0286479139543989,3,,-0.0716197848859972
35.5367314927184,199,-0.186211440703593,3,,-0.1575635267491941
35.5467269417476,204,-0.386746838384385,3,,-0.200535397680792
35.5567223907767,206,-0.601606193042377,3,,-0.21485935465799194
35.5667178398058,183,-0.816465547700368,3,,-0.2148593546579911
35.5767132888349,108,-1.03132490235836,3,,-0.21485935465799189
35.5867087378641,-11,-1.26050821399355,3,,-0.22918331163519
35.5967041868932,-175,-1.46104361167434,3,,-0.20053539768078998
35.6066996359223,-329,-1.67590296633234,3,,-0.214859354658
35.6166950849514,-505,-1.94805814889912,3,,-0.27215518256678006
35.6266905339806,-627,-2.30615707332911,3,,-0.35809892442999014
35.6366859830097,-645,-2.6356080838047,3,,-0.3294510104755899
35.6466814320388,-557,-2.90776326637149,3,,-0.27215518256678983
35.656676881068,-404,-3.07965075009788,3,,-0.17188748372638996
35.6666723300971,-216,-3.15127053498388,3,Right,-0.07161978488600029
35.6766677791262,-55,-3.12262262102948,3,Right,0.02864791395440003
35.6866632281553,51,-3.00803096521188,3,Right,0.11459165581760011
35.6966586771845,98,-2.82181952450829,3,Right,0.18621144070358975
35.7066541262136,83,-2.5783122558959,3,Right,0.24350726861239025
35.7166495752427,3,-2.32048103030631,3,Right,0.25783122558959004
35.7266450242718,-93,-2.10562167564832,3,Right,0.21485935465798978
35.736640473301,-161,-1.94805814889912,3,Right,0.15756352674920016
35.7466359223301,-191,-1.84779045005873,3,Right,0.10026769884038989
35.7566313713592,-196,-1.77617066517273,3,Right,0.07161978488600007
35.7666268203883,-183,-1.70455088028673,3,Right,0.07161978488600007
35.7766222694175,-167,-1.58995922446914,3,Right,0.1145916558175899
35.7866177184466,-151,-1.43239569771994,3,Right,0.15756352674920016
35.7966131674757,-113,-1.23186030003915,3,Right,0.20053539768078998
35.8066086165048,-78,-0.974029074449562,3,Right,0.25783122558958793
35.816604065534,-41,-0.687549934905573,3,Right,0.28647913954398896
35.8265995145631,-1,-0.415394752338784,3,Right,0.27215518256678906
35.8365949635922,27,-0.143239569771994,3,Right,0.27215518256678994
35.8465904126214,41,0.100267698840396,3,Right,0.24350726861239003
35.8565858616505,44,0.329451010475587,3,,0.229183311635191
35.8665813106796,45,0.558634322110778,3,,0.229183311635191
35.8765767597087,40,0.75916971979157,3,,0.20053539768079198
35.8865722087379,32,0.945381160495163,3,,0.18621144070359297
35.896567657767,27,1.10294468724436,3,,0.15756352674919705
35.9065631067961,28,1.24618425701635,3,,0.14323956977198993
35.9165585558252,33,1.34645195585675,3,,0.1002676988404001
35.9265540048544,38,1.43239569771994,3,,0.08594374186318987
35.9365494538835,46,1.50401548260594,3,,0.07161978488600007
35.9465449029126,47,1.53266339656034,3,,0.02864791395440003
35.9565403519417,33,1.53266339656034,3,,0.0
35.9665358009709,31,1.50401548260594,3,,-0.02864791395440003
35.97653125,35,1.46104361167434,3,,-0.04297187093160004
35.9865266990291,9,1.38942382678835,3,,-0.07161978488598986
35.9965221480583,-30,1.28915612794795,3,,-0.1002676988404001
36.0065175970874,-13,1.17456447213035,3,,-0.11459165581759989
36.0165130461165,54,1.03132490235836,3,,-0.14323956977199015
36.0265084951456,133,0.902409289563565,3,,-0.1289156127947949
36.0365039441748,175,0.802141590723169,3,,-0.10026769884039599
36.0464993932039,191,0.845113461654767,3,,0.04297187093159793
36.056494842233,238,1.00267698840396,3,,0.15756352674919294
36.0664902912621,267,1.21753634306195,3,,0.21485935465799
36.0764857402913,254,1.44671965469714,3,,0.22918331163519
36.0864811893204,269,1.61860713842354,3,,0.17188748372640017
36.0964766383495,304,1.71887483726393,3,,0.10026769884038989
36.1064720873786,307,1.71887483726393,3,,0.0
36.1164675364078,254,1.63293109540074,3,,-0.08594374186318987
36.1264629854369,125,1.50401548260594,3,,-0.12891561279480013
36.136458434466,-105,1.36077591283395,3,,-0.14323956977198993
36.1464538834951,-362,1.33212799887955,3,,-0.02864791395440003
36.1564493325243,-571,1.47536756865154,3,,0.14323956977198993
36.1664447815534,-636,1.76184670819553,3,,0.28647913954399007
36.1764402305825,-630,2.20588937448871,3,,0.4440426662931798
36.1864356796116,-598,2.6642559977591,3,,0.45836662327039024
36.1964311286408,-524,3.02235492218908,3,,0.35809892442998015
36.2064265776699,-418,3.22289031986988,3,,0.20053539768079975
36.216422026699,-296,3.30883406173307,3,Left,0.08594374186318987
36.2264174757282,-171,3.28018614777867,3,Left,-0.02864791395440003
36.2364129247573,-110,3.20856636289268,3,Left,-0.07161978488598963
36.2464083737864,-116,3.16559449196108,3,Left,-0.042971870931600264
36.2564038228155,-123,3.19424240591548,3,Left,0.02864791395440003
36.2663992718447,-116,3.26586219080147,3,Left,0.07161978488599008
36.2763947208738,-115,3.33748197568747,3,Left,0.07161978488599985
36.2863901699029,-134,3.35180593266467,3,Left,0.014323956977200236
36.296385618932,-173,3.29451010475587,3,Left,-0.05729582790880006
36.3063810679612,-196,3.19424240591548,3,Left,-0.10026769884039011
36.3163765169903,-187,3.03667887916628,3,Left,-0.15756352674919993
36.3263719660194,-158,2.86479139543989,3,Left,-0.17188748372638996
36.3363674150485,-121,2.6785799547363,3,Left,-0.1862114407035902
36.3463628640777,-96,2.4637206000783,3,Left,-0.214859354658
36.3563583131068,-74,2.24886124542031,3,Left,-0.21485935465798978
36.3663537621359,-60,2.01967793378512,3,Left,-0.22918331163519
36.376349211165,-68,1.79049462214993,3,Left,-0.22918331163519
36.3863446601942,-77,1.58995922446914,3,Left,-0.20053539768078998
36.3963401092233,-75,1.40374778376555,3,Left,-0.18621144070358997
36.4063355582524,-60,1.24618425701635,3,Left,-0.15756352674920016
36.4163310072816,-23,1.10294468724436,3,Left,-0.14323956977198993
36.4263264563107,19,0.959705117472363,3,Left,-0.14323956977199703
36.4363219053398,46,0.830789504677568,3,Left,-0.12891561279479502
36.4463173543689,78,0.687549934905573,3,Left,-0.14323956977199492
36.4563128033981,108,0.572958279087978,3,Left,-0.114591655817595
36.4663082524272,127,0.458366623270382,3,Left,-0.114591655817596
36.4763037014563,122,0.372422881407186,3,Left,-0.08594374186319603
36.4862991504854,98,0.315127053498388,3,Left,-0.057295827908798
36.4962945995146,65,0.25783122558959,3,Left,-0.057295827908798
36.5062900485437,34,0.214859354657992,3,Left,-0.04297187093159799
36.5162854975728,27,0.186211440703593,3,Left,-0.028647913954399
36.5262809466019,29,0.171887483726393,3,Left,-0.014323956977199986
36.5362763956311,39,0.157563526749194,3,Left,-0.014323956977199015
36.5462718446602,63,0.143239569771994,3,Left,-0.014323956977199986
36.5562672936893,93,0.171887483726393,3,Left,0.028647913954399
36.5662627427184,118,0.214859354657992,3,Left,0.04297187093159899
36.5762581917476,130,0.286479139543989,3,Left,0.07161978488599702
36.5862536407767,135,0.329451010475587,3,Left,0.04297187093159799
36.5962490898058,142,0.329451010475587,3,Left,0.0
36.6062445388349,142,0.300803096521188,3,Left,-0.02864791395439903
36.6162399878641,121,0.229183311635191,3,Left,-0.07161978488599696
36.6262354368932,108,0.143239569771994,3,Left,-0.085943741863197
36.6362308859223,109,0.0716197848859972,3,Left,-0.07161978488599681
36.6462263349515,103,0.0143239569771994,3,Left,-0.057295827908797795
36.6562217839806,147,0.0,3,Left,-0.0143239569771994
36.6662172330097,185,0.0,3,,0.0
36.6762126820388,170,0.0429718709315983,3,,0.0429718709315983
36.686208131068,60,0.0572958279087978,3,,0.0143239569771995
36.6962035800971,-127,0.0143239569771994,3,,-0.042971870931598405
36.7061990291262,-362,-0.114591655817596,3,,-0.1289156127947954
36.7161944781553,-592,-0.386746838384385,3,,-0.272155182566789
36.7261899271845,-637,-0.816465547700368,3,,-0.42971870931598305
36.7361853762136,-557,-1.41807174074275,3,,-0.601606193042382
36.7461808252427,-517,-2.06264980471672,3,,-0.6445780639739698
36.7561762742718,-508,-2.5783122558959,3,,-0.5156624511791801
36.766171723301,-416,-2.89343930939429,3,,-0.3151270534983901
36.7761671723301,-237,-3.02235492218908,3,Right,-0.12891561279479014
36.7861626213592,-80,-2.97938305125748,3,Right,0.042971870931600264
36.7961580703883,37,-2.82181952450829,3,Right,0.15756352674918972
36.8061535194175,117,-2.5926362128731,3,Right,0.22918331163519
36.8161489684466,147,-2.37777685821511,3,Right,0.21485935465799022
36.8261444174757,129,-2.14859354657992,3,Right,0.22918331163519
36.8361398665048,73,-1.90508627796753,3,Right,0.24350726861239003
36.846135315534,-4,-1.66157900935514,3,Right,0.24350726861239003
36.8561307645631,-101,-1.43239569771994,3,Right,0.2291833116352
36.8661262135922,-175,-1.26050821399355,3,Right,0.17188748372638996
36.8761216626214,-205,-1.11726864422156,3,Right,0.14323956977198993
36.8861171116505,-219,-1.00267698840396,3,Right,0.11459165581760011
36.8961125606796,-212,-0.873761375609166,3,Right,0.1289156127947939
36.9061080097087,-179,-0.701873891882773,3,Right,0.17188748372639295
36.9161034587379,-145,-0.487014537224781,3,Right,0.21485935465799205
36.926098907767,-122,-0.25783122558959,3,Right,0.229183311635191
36.9360943567961,-109,-0.0429718709315983,3,Right,0.2148593546579917
36.9460898058252,-105,0.143239569771994,3,Right,0.1862114407035923
36.9560852548544,-91,0.315127053498388,3,,0.17188748372639398
36.9660807038835,-51,0.472690580247582,3,,0.157563526749194
36.9760761529126,7,0.615930150019576,3,,0.14323956977199398
36.9860716019417,55,0.75916971979157,3,,0.14323956977199404
36.9960670509709,90,0.916733246540764,3,,0.15756352674919405
37.0060625,117,1.05997281631276,3,,0.14323956977199592
37.0160579490291,119,1.16024051515316,3,,0.1002676988404001
37.0260533980582,116,1.24618425701635,3,,0.08594374186318987
37.0360488470874,108,1.30348008492515,3,,0.05729582790880006
37.0460442961165,91,1.33212799887955,3,,0.02864791395440003
37.0560397451456,77,1.34645195585675,3,,0.014323956977200014
37.0660351941748,58,1.38942382678835,3,,0.04297187093160004
37.0760306432039,38,1.43239569771994,3,,0.04297187093158983
37.086026092233,32,1.47536756865154,3,,0.04297187093160004
37.0960215412621,34,1.50401548260594,3,,0.02864791395440003
37.1060169902913,47,1.53266339656034,3,,0.02864791395440003
37.1160124393204,68,1.54698735353754,3,,0.014323956977200014
37.1260078883495,86,1.54698735353754,3,,0.0
37.1360033373786,104,1.54698735353754,3,,0.0
37.1459987864078,104,1.54698735353754,3,,0.0
37.1559942354369,90,1.56131131051474,3,,0.014323956977200014
37.165989684466,86,1.58995922446914,3,,0.02864791395440003
37.1759851334951,111,1.66157900935514,3,,0.07161978488599985
37.1859805825243,147,1.73319879424113,3,,0.07161978488599008
37.1959760315534,188,1.81914253610433,3,,0.08594374186320008
37.2059714805825,240,1.89076232099033,3,,0.07161978488599985
37.2159669296116,295,1.94805814889912,3,,0.057295827908790065
37.2259623786408,330,1.96238210587632,3,,0.014323956977200014
37.2359578276699,323,1.94805814889912,3,,-0.014323956977200014
37.245953276699,281,1.89076232099033,3,,-0.057295827908790065
37.2559487257281,205,1.80481857912713,3,,-0.08594374186319986
37.2659441747573,139,1.74752275121833,3,,-0.05729582790880006
37.2759396237864,57,1.73319879424113,3,,-0.014323956977200014
37.2859350728155,-129,1.77617066517273,3,,0.04297187093160004
37.2959305218447,-435,1.87643836401313,3,,0.10026769884039988
37.3059259708738,-617,2.03400189076232,3,,0.15756352674918994
37.3159214199029,-588,2.34912894426071,3,,0.3151270534983901
37.325916868932,-552,2.80749556753109,3,,0.45836662327038
37.3359123179612,-574,3.22289031986988,3,,0.41539475233879
37.3459077669903,-556,3.50936945941386,3,,0.28647913954397985
37.3559032160194,-464,3.65260902918586,3,,0.14323956977200014
37.3658986650485,-353,3.68125694314026,3,Left,0.02864791395440003
37.3758941140777,-248,3.63828507220866,3,Left,-0.04297187093159982
37.3858895631068,-171,3.59531320127706,3,Left,-0.042971870931600264
37.3958850121359,-91,3.60963715825426,3,Left,0.014323956977200236
37.405880461165,-27,3.69558090011746,3,Left,0.08594374186320008
37.4158759101942,-20,3.73855277104906,3,Left,0.04297187093159982
37.4258713592233,-77,3.76720068500345,3,Left,0.028647913954389814
37.4358668082524,-165,3.70990485709466,3,Left,-0.05729582790878984
37.4458622572815,-216,3.56666528732266,3,Left,-0.14323956977200014
37.4558577063107,-209,3.39477780359627,3,Left,-0.17188748372638996
37.4658531553398,-173,3.19424240591548,3,Left,-0.20053539768078998
37.4758486043689,-127,2.99370700823468,3,Left,-0.20053539768079975
37.4858440533981,-82,2.77884765357669,3,Left,-0.21485935465799022
37.4958395024272,-46,2.5496643419415,3,Left,-0.22918331163519
37.5058349514563,-31,2.30615707332911,3,Left,-0.2435072686123898
37.5158304004854,-47,2.06264980471672,3,Left,-0.24350726861239025
37.5258258495146,-101,1.80481857912713,3,Left,-0.2578312255895898
37.5358212985437,-140,1.57563526749194,3,Left,-0.22918331163519
37.5458167475728,-138,1.36077591283395,3,Left,-0.21485935465799
37.5558121966019,-93,1.16024051515316,3,Left,-0.20053539768078998
37.5658076456311,-27,0.974029074449562,3,Left,-0.18621144070359807
37.5758030946602,28,0.802141590723169,3,Left,-0.17188748372639295
37.5857985436893,58,0.658902020951174,3,Left,-0.14323956977199503
37.5957939927184,91,0.544310365133579,3,Left,-0.114591655817595
37.6057894417476,124,0.458366623270382,3,Left,-0.08594374186319698
37.6157848907767,132,0.401070795361584,3,Left,-0.057295827908798
37.6257803398058,122,0.358098924429986,3,Left,-0.042971870931598044
37.635775788835,106,0.343774967452787,3,Left,-0.01432395697719896
37.6457712378641,91,0.343774967452787,3,Left,0.0
37.6557666868932,71,0.329451010475587,3,Left,-0.014323956977200014
37.6657621359223,49,0.315127053498388,3,Left,-0.014323956977199015
37.6757575849515,31,0.286479139543989,3,Left,-0.028647913954398974
37.6857530339806,40,0.272155182566789,3,Left,-0.014323956977200014
37.6957484830097,65,0.286479139543989,3,Left,0.014323956977200014
37.7057439320388,95,0.315127053498388,3,Left,0.028647913954398974
37.715739381068,119,0.386746838384385,3,Left,0.07161978488599702
37.7257348300971,139,0.458366623270382,3,Left,0.07161978488599702
37.7357302791262,164,0.501338494201981,3,Left,0.04297187093159893
37.7457257281553,181,0.472690580247582,3,Left,-0.028647913954398974
37.7557211771845,166,0.386746838384385,3,Left,-0.08594374186319698
37.7657166262136,125,0.229183311635191,3,Left,-0.157563526749194
37.7757120752427,90,0.0572958279087978,3,Left,-0.1718874837263932
37.7857075242718,75,-0.0859437418631967,3,Left,-0.1432395697719945
37.795702973301,88,-0.243507268612391,3,,-0.1575635267491943
37.8056984223301,141,-0.358098924429986,3,,-0.11459165581759498
37.8156938713592,183,-0.429718709315983,3,,-0.07161978488599702
37.8256893203883,194,-0.472690580247582,3,,-0.04297187093159899
37.8356847694175,152,-0.501338494201981,3,,-0.028647913954398974
37.8456802184466,30,-0.558634322110778,3,,-0.05729582790879706
37.8556756674757,-135,-0.701873891882773,3,,-0.14323956977199503
37.8656711165049,-293,-0.902409289563565,3,,-0.20053539768079198
37.875666565534,-411,-1.18888842910755,3,,-0.2864791395439851
37.8856620145631,-483,-1.57563526749194,3,,-0.38674683838438995
37.8956574635922,-534,-2.07697376169392,3,,-0.5013384942019801
37.9056529126214,-584,-2.5926362128731,3,,-0.5156624511791801
37.9156483616505,-577,-3.00803096521188,3,,-0.41539475233877976
37.9256438106796,-474,-3.26586219080147,3,,-0.25783122558959004
37.9356392597087,-321,-3.36612988964187,3,Right,-0.10026769884039988
37.9456347087379,-171,-3.35180593266467,3,Right,0.014323956977199792
37.955630157767,-73,-3.26586219080147,3,Right,0.08594374186320008
37.9656256067961,-66,-3.19424240591548,3,Right,0.07161978488599008
37.9756210558252,-13,-3.07965075009788,3,Right,0.11459165581760011
37.9856165048544,-24,-2.97938305125748,3,Right,0.10026769884039988
37.9956119538835,-19,-2.89343930939429,3,Right,0.08594374186318987
38.0056074029126,-16,-2.77884765357669,3,Right,0.11459165581760011
38.0156028519417,-38,-2.6785799547363,3,Right,0.10026769884039011
38.0255983009709,-162,-2.6499320407819,3,Right,0.02864791395440003
38.03559375,-161,-2.5496643419415,3,Right,0.10026769884039988
38.0455891990291,-188,-2.5066924710099,3,Right,0.04297187093159982
38.0555846480582,-180,-2.44939664310111,3,Right,0.05729582790879029
38.0655800970874,-151,-2.27750915937471,3,Right,0.17188748372639973
38.0755755461165,-151,-2.13426958960272,3,Right,0.14323956977198993
38.0855709951456,-130,-1.91941023494473,3,Right,0.21485935465799022
38.0955664441748,-93,-1.69022692330953,3,Right,0.2291833116352
38.1055618932039,-23,-1.43239569771994,3,Right,0.25783122558959004
38.115557342233,-19,-1.23186030003915,3,Right,0.20053539768078998
38.1255527912621,-23,-1.03132490235836,3,Right,0.20053539768078998
38.1355482402913,-33,-0.845113461654767,3,Right,0.18621144070359297
38.1455436893204,-30,-0.673225977928374,3,Right,0.17188748372639295
38.1555391383495,-7,-0.529986408156379,3,Right,0.14323956977199503
38.1655345873786,18,-0.358098924429986,3,Right,0.171887483726393
38.1755300364078,42,-0.186211440703593,3,Right,0.17188748372639298
38.1855254854369,57,-0.0286479139543989,3,Right,0.1575635267491941
38.195520934466,62,0.100267698840396,3,Right,0.1289156127947949
38.2055163834951,71,0.214859354657992,3,,0.11459165581759599
38.2155118325243,78,0.286479139543989,3,,0.07161978488599702
38.2255072815534,62,0.315127053498388,3,,0.028647913954398974
38.2355027305825,23,0.300803096521188,3,,-0.014323956977200014
38.2454981796116,17,0.272155182566789,3,,-0.028647913954398974
38.2554936286408,45,0.214859354657992,3,,-0.057295827908797003
38.2654890776699,77,0.157563526749194,3,,-0.057295827908798
38.275484526699,102,0.0572958279087978,3,,-0.10026769884039619
38.2854799757282,101,-0.0572958279087978,3,,-0.1145916558175956
38.2954754247573,85,-0.200535397680792,3,,-0.1432395697719942
38.3054708737864,63,-0.343774967452787,3,,-0.143239569771995
38.3154663228155,0,-0.487014537224781,3,,-0.14323956977199398
38.3254617718447,-77,-0.587282236065177,3,,-0.10026769884039605
38.3354572208738,-104,-0.630254106996776,3,,-0.04297187093159893
38.3454526699029,-40,-0.615930150019576,3,,0.014323956977200014
38.355448118932,68,-0.572958279087978,3,,0.04297187093159793
38.3654435679612,163,-0.487014537224781,3,,0.08594374186319703
38.3754390169903,215,-0.401070795361584,3,,0.08594374186319698
38.3854344660194,254,-0.343774967452787,3,,0.057295827908797003
38.3954299150485,285,-0.272155182566789,3,,0.07161978488599802
38.4054253640777,290,-0.200535397680792,3,,0.07161978488599699
38.4154208131068,243,-0.128915612794795,3,,0.07161978488599702
38.4254162621359,145,-0.0572958279087978,3,,0.07161978488599718
38.435411711165,30,0.0286479139543989,3,,0.0859437418631967
38.4454071601942,-63,0.200535397680792,3,,0.17188748372639312
38.4554026092233,-156,0.458366623270382,3,,0.25783122558959004
38.4653980582524,-275,0.730521805837172,3,,0.27215518256678994
38.4753935072815,-336,1.00267698840396,3,,0.27215518256678795
38.4853889563107,-385,1.33212799887955,3,,0.3294510104755901
38.4953844053398,-427,1.70455088028673,3,,0.37242288140717994
38.5053798543689,-428,2.04832584773952,3,,0.3437749674527901
38.515375303398,-370,2.30615707332911,3,,0.25783122558959004
38.5253707524272,-280,2.4923685140327,3,,0.18621144070358975
38.5353662014563,-199,2.6212841268275,3,,0.1289156127947999
38.5453616504854,-156,2.7072278686907,3,,0.08594374186320008
38.5553570995146,-149,2.76452369659949,3,,0.05729582790879029
38.5653525485437,-181,2.83614348148549,3,,0.07161978488599985
38.5753479975728,-199,2.93641118032589,3,,0.10026769884039988
38.5853434466019,-181,3.05100283614348,3,,0.1145916558175899
38.5953388956311,-138,3.16559449196108,3,,0.11459165581760011
38.6053343446602,-96,3.25153823382427,3,,0.08594374186319031
38.6153297936893,-97,3.26586219080147,3,,0.014323956977199792
38.6253252427184,-128,3.20856636289268,3,,-0.05729582790878984
38.6353206917476,-154,3.12262262102948,3,,-0.08594374186320008
38.6453161407767,-161,3.02235492218908,3,,-0.10026769884039988
38.6553115898058,-132,2.89343930939429,3,,-0.12891561279479014
38.6653070388349,-70,2.77884765357669,3,,-0.11459165581760011
38.6753024878641,-25,2.6499320407819,3,,-0.12891561279479014
38.6852979368932,-12,2.5066924710099,3,,-0.1432395697719997
38.6952933859223,-16,2.36345290123791,3,,-0.14323956977198993
38.7052888349515,-27,2.23453728844311,3,,-0.12891561279480035
38.7152842839806,-40,2.09129771867112,3,,-0.14323956977198993
38.7252797330097,-54,1.97670606285352,3,,-0.11459165581759989
38.7352751820388,-58,1.89076232099033,3,,-0.08594374186319009
38.745270631068,-49,1.80481857912713,3,,-0.08594374186319986
38.7552660800971,-38,1.76184670819553,3,,-0.04297187093160004
38.7652615291262,-33,1.73319879424113,3,,-0.02864791395440003
38.7752569781553,-23,1.70455088028673,3,,-0.02864791395440003
38.7852524271845,1,1.66157900935514,3,,-0.04297187093159005
38.7952478762136,20,1.61860713842354,3,,-0.04297187093159982
38.8052433252427,18,1.54698735353754,3,,-0.07161978488600007
38.8152387742718,19,1.46104361167434,3,,-0.08594374186320008
38.825234223301,29,1.34645195585675,3,,-0.1145916558175899
38.8352296723301,27,1.26050821399355,3,,-0.08594374186320008
38.8452251213592,10,1.17456447213035,3,,-0.08594374186319986
38.8552205703883,0,1.13159260119876,3,,-0.04297187093159005
38.8652160194175,0,1.11726864422156,3,,-0.014323956977200014
38.8752114684466,17,1.13159260119876,3,,0.014323956977200014
38.8852069174757,43,1.16024051515316,3,,0.02864791395440003
38.8952023665049,65,1.23186030003915,3,,0.07161978488598986
38.905197815534,58,1.30348008492515,3,,0.07161978488600007
38.9151932645631,40,1.37509986981115,3,,0.07161978488600007
38.9251887135922,29,1.43239569771994,3,,0.05729582790878984
38.9351841626214,22,1.50401548260594,3,,0.07161978488600007
38.9451796116505,-20,1.56131131051474,3,,0.05729582790880006
38.9551750606796,-50,1.60428318144634,3,,0.04297187093160004
38.9651705097087,-64,1.61860713842354,3,,0.014323956977200014
38.9751659587379,-98,1.58995922446914,3,,-0.02864791395440003
38.985161407767,-134,1.54698735353754,3,,-0.04297187093160004
38.9951568567961,-162,1.44671965469714,3,,-0.1002676988404001
